{"stats":{"minecraft:broken":{"minecraft:wooden_pickaxe":2,"minecraft:stone_pickaxe":1},"minecraft:used":{"minecraft:stone_sword":104,"minecraft:iron_shovel":290,"minecraft:chest":6,"minecraft:spruce_planks":1,"minecraft:shield":15,"minecraft:iron_sword":36,"minecraft:bell":1,"minecraft:oak_door":9,"minecraft:torch":25,"minecraft:dirt":169,"minecraft:mutton":4,"minecraft:carrot":2,"minecraft:granite":1,"minecraft:spruce_fence":1,"minecraft:wooden_axe":86,"minecraft:oak_sapling":3,"minecraft:furnace":6,"minecraft:egg":1,"minecraft:cooked_beef":2,"minecraft:potato":31,"minecraft:pointed_dripstone":2,"minecraft:wheat_seeds":30,"minecraft:cooked_mutton":7,"minecraft:water_bucket":2,"minecraft:cobblestone_stairs":4,"minecraft:spruce_door":1,"minecraft:baked_potato":8,"minecraft:oak_planks":2,"minecraft:stone_pickaxe":258,"minecraft:wooden_pickaxe":128,"minecraft:golden_apple":1,"minecraft:salmon":2,"minecraft:crafting_table":7,"minecraft:white_bed":2,"minecraft:dripstone_block":3,"minecraft:oak_log":9,"minecraft:chicken":1,"minecraft:bread":24,"minecraft:iron_pickaxe":22,"minecraft:stone_axe":132,"minecraft:cobblestone":44,"minecraft:porkchop":1,"minecraft:bucket":2,"minecraft:yellow_bed":4,"minecraft:dandelion":5,"minecraft:bone_meal":3},"minecraft:crafted":{"minecraft:oak_door":15,"minecraft:oak_planks":174,"minecraft:furnace":8,"minecraft:cobblestone_stairs":4,"minecraft:cooked_mutton":20,"minecraft:stone_pickaxe":2,"minecraft:chest":5,"minecraft:wheat":351,"minecraft:cooked_beef":3,"minecraft:emerald":1,"minecraft:cooked_porkchop":10,"minecraft:crafting_table":4,"minecraft:spruce_planks":240,"minecraft:wooden_pickaxe":3,"minecraft:copper_ingot":17,"minecraft:stone_axe":3,"minecraft:bread":118,"minecraft:air":0,"minecraft:iron_chestplate":1,"minecraft:stick":28,"minecraft:wooden_axe":2,"minecraft:stone_sword":2,"minecraft:gold_ingot":1,"minecraft:white_bed":1,"minecraft:acacia_planks":12,"minecraft:torch":8},"minecraft:custom":{"minecraft:mob_kills":44,"minecraft:interact_with_crafting_table":42,"minecraft:bell_ring":20,"minecraft:leave_game":6,"minecraft:time_since_death":4226,"minecraft:climb_one_cm":2975,"minecraft:sprint_one_cm":361589,"minecraft:walk_one_cm":545204,"minecraft:damage_blocked_by_shield":545,"minecraft:drop":141,"minecraft:talked_to_villager":14,"minecraft:play_time":203988,"minecraft:sneak_time":17381,"minecraft:deaths":14,"minecraft:walk_under_water_one_cm":50828,"minecraft:boat_one_cm":271701,"minecraft:interact_with_brewingstand":1,"minecraft:jump":3244,"minecraft:walk_on_water_one_cm":53837,"minecraft:total_world_time":203988,"minecraft:interact_with_furnace":42,"minecraft:traded_with_villager":1,"minecraft:sleep_in_bed":10,"minecraft:time_since_rest":4267,"minecraft:damage_absorbed":17,"minecraft:damage_taken":6163,"minecraft:damage_dealt":5315,"minecraft:swim_one_cm":144987,"minecraft:fly_one_cm":476837,"minecraft:open_chest":40,"minecraft:crouch_one_cm":42410,"minecraft:interact_with_smoker":7,"minecraft:fall_one_cm":83088,"minecraft:horse_one_cm":92317},"minecraft:mined":{"minecraft:white_bed":4,"minecraft:farmland":1,"minecraft:oak_door":4,"minecraft:potted_cactus":1,"minecraft:brewing_stand":1,"minecraft:budding_amethyst":2,"minecraft:granite":1,"minecraft:acacia_log":3,"minecraft:grass_block":125,"minecraft:spruce_fence":1,"minecraft:spruce_leaves":3,"minecraft:large_fern":1,"minecraft:hay_block":40,"minecraft:carrots":31,"minecraft:furnace":6,"minecraft:iron_ore":32,"minecraft:pumpkin":5,"minecraft:deepslate_lapis_ore":2,"minecraft:bell":1,"minecraft:potatoes":38,"minecraft:dirt_path":1,"minecraft:pointed_dripstone":1,"minecraft:deepslate_iron_ore":3,"minecraft:water_cauldron":1,"minecraft:small_amethyst_bud":1,"minecraft:oak_stairs":1,"minecraft:iron_bars":2,"minecraft:lantern":7,"minecraft:packed_ice":30,"minecraft:stone":194,"minecraft:white_wool":1,"minecraft:light_gray_carpet":3,"minecraft:red_bed":1,"minecraft:smoker":3,"minecraft:amethyst_cluster":2,"minecraft:dandelion":6,"minecraft:spruce_door":1,"minecraft:oak_fence":2,"minecraft:cornflower":1,"minecraft:crafting_table":4,"minecraft:torch":6,"minecraft:calcite":1,"minecraft:poppy":1,"minecraft:chest":1,"minecraft:copper_ore":9,"minecraft:tall_grass":2,"minecraft:cobblestone":9,"minecraft:lapis_ore":11,"minecraft:oak_planks":3,"minecraft:sugar_cane":10,"minecraft:diorite":1,"minecraft:wall_torch":12,"minecraft:amethyst_block":16,"minecraft:deepslate_copper_ore":1,"minecraft:seagrass":1,"minecraft:yellow_wool":1,"minecraft:wheat":46,"minecraft:ice":5,"minecraft:white_carpet":3,"minecraft:spruce_log":61,"minecraft:yellow_bed":4,"minecraft:grass":73,"minecraft:oak_log":59,"minecraft:coal_ore":31,"minecraft:beetroots":8,"minecraft:dirt":156,"minecraft:dripstone_block":4,"minecraft:gold_ore":5,"minecraft:oak_leaves":28,"minecraft:fern":3},"minecraft:killed":{"minecraft:skeleton":3,"minecraft:chicken":3,"minecraft:pig":5,"minecraft:salmon":11,"minecraft:squid":1,"minecraft:sheep":10,"minecraft:zombie":6,"minecraft:cow":4},"minecraft:dropped":{"minecraft:iron_ingot":1,"minecraft:bread":4,"minecraft:lapis_lazuli":64,"minecraft:oak_log":3,"minecraft:crafting_table":1,"minecraft:cooked_porkchop":10,"minecraft:feather":1,"minecraft:cobblestone":51,"minecraft:amethyst_block":10,"minecraft:coal":11,"minecraft:golden_apple":1,"minecraft:emerald":1,"minecraft:stick":15,"minecraft:dirt":139,"minecraft:torch":1,"minecraft:mutton":14,"minecraft:wooden_axe":1,"minecraft:pumpkin":20,"minecraft:amethyst_shard":8,"minecraft:spruce_sapling":4,"minecraft:stone_axe":2,"minecraft:stone_sword":2,"minecraft:wheat":1,"minecraft:raw_iron":5,"minecraft:beetroot":4,"minecraft:rotten_flesh":7,"minecraft:oak_planks":2,"minecraft:white_bed":1,"minecraft:filled_map":1,"minecraft:poppy":4,"minecraft:potato":27,"minecraft:spruce_boat":1,"minecraft:shield":1,"minecraft:spruce_planks":46,"minecraft:bow":1,"minecraft:stone_pickaxe":1,"minecraft:wooden_pickaxe":2,"minecraft:calcite":1,"minecraft:splash_potion":1},"minecraft:killed_by":{"minecraft:stray":1,"minecraft:enderman":2,"minecraft:iron_golem":3,"minecraft:drowned":2,"minecraft:zombie":4},"minecraft:picked_up":{"minecraft:wooden_axe":2,"minecraft:iron_chestplate":1,"minecraft:crafting_table":4,"minecraft:wheat":23,"minecraft:chicken":3,"minecraft:flower_pot":1,"minecraft:yellow_wool":1,"minecraft:leather_leggings":1,"minecraft:lead":4,"minecraft:wooden_pickaxe":3,"minecraft:oak_stairs":1,"minecraft:brewing_stand":1,"minecraft:shield":4,"minecraft:amethyst_block":22,"minecraft:cornflower":1,"minecraft:red_bed":1,"minecraft:raw_copper":51,"minecraft:iron_axe":2,"minecraft:iron_leggings":2,"minecraft:white_carpet":3,"minecraft:iron_shovel":3,"minecraft:beetroot":4,"minecraft:bucket":1,"minecraft:spruce_planks":28,"minecraft:beef":8,"minecraft:calcite":1,"minecraft:poppy":9,"minecraft:iron_pickaxe":2,"minecraft:sugar_cane":39,"minecraft:chest":1,"minecraft:furnace":8,"minecraft:iron_boots":2,"minecraft:egg":2,"minecraft:stick":11,"minecraft:raw_iron":30,"minecraft:oak_door":5,"minecraft:copper_ingot":19,"minecraft:oak_fence":2,"minecraft:torch":20,"minecraft:acacia_log":3,"minecraft:spruce_fence":1,"minecraft:porkchop":13,"minecraft:pointed_dripstone":4,"minecraft:carrot":91,"minecraft:cauldron":1,"minecraft:stone_sword":1,"minecraft:arrow":4,"minecraft:cactus":1,"minecraft:rotten_flesh":17,"minecraft:beetroot_seeds":13,"minecraft:hay_block":102,"minecraft:mutton":36,"minecraft:iron_bars":2,"minecraft:white_wool":21,"minecraft:cobblestone":277,"minecraft:leather_chestplate":1,"minecraft:feather":3,"minecraft:cooked_beef":3,"minecraft:water_bucket":1,"minecraft:salmon":8,"minecraft:leather":4,"minecraft:smoker":3,"minecraft:potato":77,"minecraft:filled_map":1,"minecraft:oak_log":59,"minecraft:yellow_bed":13,"minecraft:lapis_lazuli":108,"minecraft:dirt":745,"minecraft:lantern":6,"minecraft:cooked_mutton":13,"minecraft:bone":9,"minecraft:apple":2,"minecraft:bow":2,"minecraft:wheat_seeds":90,"minecraft:raw_gold":5,"minecraft:bell":1,"minecraft:iron_ingot":9,"minecraft:stone_pickaxe":6,"minecraft:mossy_stone_bricks":7,"minecraft:iron_sword":2,"minecraft:oak_planks":227,"minecraft:pumpkin":23,"minecraft:dandelion":14,"minecraft:dripstone_block":5,"minecraft:amethyst_shard":8,"minecraft:spruce_sapling":6,"minecraft:ink_sac":5,"minecraft:spruce_log":60,"minecraft:white_bed":3,"minecraft:grass_block":1,"minecraft:spruce_door":2,"minecraft:spruce_boat":1,"minecraft:stone_axe":5,"minecraft:iron_helmet":2,"minecraft:granite":1,"minecraft:bone_meal":3,"minecraft:golden_apple":1,"minecraft:gray_wool":2,"minecraft:bread":53,"minecraft:baked_potato":8,"minecraft:oak_sapling":3,"minecraft:light_gray_carpet":3,"minecraft:coal":32,"minecraft:ender_pearl":1}},"DataVersion":2975}