{"stats":{"minecraft:killed":{"minecraft:salmon":3,"minecraft:skeleton":1,"minecraft:zombie":1,"minecraft:chicken":1},"minecraft:dropped":{"minecraft:iron_ingot":1,"minecraft:bread":1,"minecraft:stone_axe":2,"minecraft:oak_log":3,"minecraft:stone_sword":1,"minecraft:crafting_table":1,"minecraft:cobblestone":51,"minecraft:rotten_flesh":3,"minecraft:golden_apple":1,"minecraft:coal":11,"minecraft:stick":12,"minecraft:filled_map":1,"minecraft:dirt":11,"minecraft:spruce_boat":1,"minecraft:shield":1,"minecraft:torch":1,"minecraft:spruce_planks":46,"minecraft:wooden_axe":1,"minecraft:bow":1,"minecraft:pumpkin":20,"minecraft:wooden_pickaxe":1,"minecraft:stone_pickaxe":1,"minecraft:splash_potion":1,"minecraft:spruce_sapling":4},"minecraft:crafted":{"minecraft:oak_planks":14,"minecraft:spruce_planks":240,"minecraft:wooden_pickaxe":1,"minecraft:stone_axe":1,"minecraft:bread":2,"minecraft:stick":12,"minecraft:stone_pickaxe":1,"minecraft:wooden_axe":1,"minecraft:stone_sword":1},"minecraft:picked_up":{"minecraft:wooden_axe":2,"minecraft:crafting_table":1,"minecraft:leather_chestplate":1,"minecraft:chicken":1,"minecraft:flower_pot":1,"minecraft:salmon":2,"minecraft:leather_leggings":1,"minecraft:wooden_pickaxe":2,"minecraft:smoker":2,"minecraft:filled_map":1,"minecraft:oak_stairs":1,"minecraft:oak_log":10,"minecraft:brewing_stand":1,"minecraft:shield":2,"minecraft:red_bed":1,"minecraft:lantern":6,"minecraft:dirt":20,"minecraft:white_carpet":3,"minecraft:bow":1,"minecraft:bell":1,"minecraft:spruce_planks":28,"minecraft:iron_ingot":1,"minecraft:stone_pickaxe":2,"minecraft:sugar_cane":19,"minecraft:oak_planks":3,"minecraft:furnace":3,"minecraft:stick":9,"minecraft:raw_iron":7,"minecraft:oak_door":2,"minecraft:pumpkin":23,"minecraft:torch":1,"minecraft:spruce_fence":1,"minecraft:spruce_sapling":6,"minecraft:white_bed":3,"minecraft:spruce_log":60,"minecraft:cauldron":1,"minecraft:cactus":1,"minecraft:stone_sword":1,"minecraft:rotten_flesh":4,"minecraft:spruce_boat":1,"minecraft:stone_axe":3,"minecraft:golden_apple":1,"minecraft:bread":7,"minecraft:light_gray_carpet":3,"minecraft:iron_bars":2,"minecraft:coal":11,"minecraft:cobblestone":145},"minecraft:broken":{"minecraft:wooden_pickaxe":1},"minecraft:custom":{"minecraft:interact_with_furnace":4,"minecraft:mob_kills":6,"minecraft:interact_with_crafting_table":8,"minecraft:leave_game":2,"minecraft:time_since_death":56941,"minecraft:sleep_in_bed":3,"minecraft:climb_one_cm":2975,"minecraft:time_since_rest":8303,"minecraft:sprint_one_cm":127346,"minecraft:damage_absorbed":17,"minecraft:damage_taken":2059,"minecraft:walk_one_cm":232688,"minecraft:drop":73,"minecraft:damage_dealt":1063,"minecraft:swim_one_cm":43695,"minecraft:fly_one_cm":122500,"minecraft:open_chest":7,"minecraft:crouch_one_cm":11737,"minecraft:play_time":71511,"minecraft:deaths":4,"minecraft:sneak_time":3734,"minecraft:walk_under_water_one_cm":20824,"minecraft:boat_one_cm":241719,"minecraft:jump":833,"minecraft:interact_with_brewingstand":1,"minecraft:walk_on_water_one_cm":10968,"minecraft:interact_with_smoker":1,"minecraft:total_world_time":71511,"minecraft:fall_one_cm":20593},"minecraft:killed_by":{"minecraft:stray":1,"minecraft:zombie":2},"minecraft:mined":{"minecraft:light_gray_carpet":3,"minecraft:white_bed":4,"minecraft:red_bed":1,"minecraft:oak_door":2,"minecraft:smoker":2,"minecraft:potted_cactus":1,"minecraft:brewing_stand":1,"minecraft:crafting_table":1,"minecraft:torch":1,"minecraft:grass_block":5,"minecraft:spruce_fence":1,"minecraft:spruce_leaves":3,"minecraft:sugar_cane":4,"minecraft:oak_planks":3,"minecraft:large_fern":1,"minecraft:furnace":3,"minecraft:iron_ore":7,"minecraft:ice":5,"minecraft:white_carpet":3,"minecraft:spruce_log":61,"minecraft:pumpkin":5,"minecraft:bell":1,"minecraft:iron_bars":2,"minecraft:coal_ore":10,"minecraft:oak_log":10,"minecraft:water_cauldron":1,"minecraft:oak_stairs":1,"minecraft:lantern":7,"minecraft:dirt":10,"minecraft:packed_ice":30,"minecraft:stone":84,"minecraft:fern":3},"minecraft:used":{"minecraft:stone_sword":23,"minecraft:stone_pickaxe":73,"minecraft:spruce_planks":1,"minecraft:wooden_pickaxe":59,"minecraft:bell":1,"minecraft:oak_door":2,"minecraft:salmon":2,"minecraft:golden_apple":1,"minecraft:dirt":1,"minecraft:white_bed":2,"minecraft:spruce_fence":1,"minecraft:wooden_axe":28,"minecraft:chicken":1,"minecraft:bread":8,"minecraft:stone_axe":83,"minecraft:cobblestone":1}},"DataVersion":2975}