{"stats":{"minecraft:broken":{"minecraft:wooden_pickaxe":2},"minecraft:used":{"minecraft:stone_sword":32,"minecraft:iron_shovel":290,"minecraft:chest":6,"minecraft:spruce_planks":1,"minecraft:bell":1,"minecraft:oak_door":4,"minecraft:torch":6,"minecraft:dirt":159,"minecraft:mutton":4,"minecraft:spruce_fence":1,"minecraft:wooden_axe":86,"minecraft:egg":1,"minecraft:cooked_beef":2,"minecraft:cobblestone_stairs":4,"minecraft:spruce_door":1,"minecraft:stone_pickaxe":139,"minecraft:wooden_pickaxe":128,"minecraft:salmon":2,"minecraft:golden_apple":1,"minecraft:crafting_table":7,"minecraft:white_bed":2,"minecraft:chicken":1,"minecraft:bread":13,"minecraft:stone_axe":114,"minecraft:cobblestone":11,"minecraft:yellow_bed":4,"minecraft:dandelion":5},"minecraft:crafted":{"minecraft:oak_planks":110,"minecraft:cobblestone_stairs":4,"minecraft:stone_pickaxe":2,"minecraft:chest":5,"minecraft:wheat":351,"minecraft:cooked_beef":3,"minecraft:emerald":1,"minecraft:crafting_table":4,"minecraft:spruce_planks":240,"minecraft:wooden_pickaxe":3,"minecraft:stone_axe":3,"minecraft:bread":118,"minecraft:air":0,"minecraft:stick":28,"minecraft:wooden_axe":2,"minecraft:stone_sword":2,"minecraft:white_bed":1,"minecraft:acacia_planks":12},"minecraft:custom":{"minecraft:mob_kills":17,"minecraft:interact_with_crafting_table":34,"minecraft:bell_ring":10,"minecraft:leave_game":5,"minecraft:time_since_death":30447,"minecraft:climb_one_cm":2975,"minecraft:sprint_one_cm":237528,"minecraft:walk_one_cm":434543,"minecraft:drop":116,"minecraft:talked_to_villager":14,"minecraft:play_time":144211,"minecraft:sneak_time":10369,"minecraft:deaths":13,"minecraft:walk_under_water_one_cm":31105,"minecraft:boat_one_cm":271701,"minecraft:interact_with_brewingstand":1,"minecraft:jump":1760,"minecraft:walk_on_water_one_cm":25039,"minecraft:total_world_time":144211,"minecraft:interact_with_furnace":4,"minecraft:traded_with_villager":1,"minecraft:sleep_in_bed":9,"minecraft:time_since_rest":2894,"minecraft:damage_taken":4666,"minecraft:damage_absorbed":17,"minecraft:damage_dealt":2869,"minecraft:swim_one_cm":71262,"minecraft:fly_one_cm":292206,"minecraft:open_chest":34,"minecraft:crouch_one_cm":29472,"minecraft:interact_with_smoker":4,"minecraft:fall_one_cm":36784},"minecraft:mined":{"minecraft:farmland":1,"minecraft:white_bed":4,"minecraft:oak_door":4,"minecraft:potted_cactus":1,"minecraft:brewing_stand":1,"minecraft:acacia_log":3,"minecraft:grass_block":120,"minecraft:spruce_fence":1,"minecraft:spruce_leaves":3,"minecraft:large_fern":1,"minecraft:hay_block":40,"minecraft:furnace":3,"minecraft:carrots":25,"minecraft:iron_ore":7,"minecraft:pumpkin":5,"minecraft:bell":1,"minecraft:potatoes":14,"minecraft:water_cauldron":1,"minecraft:dirt_path":1,"minecraft:oak_stairs":1,"minecraft:iron_bars":2,"minecraft:lantern":7,"minecraft:packed_ice":30,"minecraft:stone":164,"minecraft:white_wool":1,"minecraft:light_gray_carpet":3,"minecraft:red_bed":1,"minecraft:smoker":3,"minecraft:spruce_door":1,"minecraft:dandelion":6,"minecraft:oak_fence":1,"minecraft:crafting_table":4,"minecraft:cornflower":1,"minecraft:torch":5,"minecraft:poppy":1,"minecraft:chest":1,"minecraft:tall_grass":2,"minecraft:cobblestone":9,"minecraft:sugar_cane":10,"minecraft:oak_planks":3,"minecraft:wall_torch":7,"minecraft:yellow_wool":1,"minecraft:wheat":31,"minecraft:ice":5,"minecraft:white_carpet":3,"minecraft:spruce_log":61,"minecraft:yellow_bed":4,"minecraft:grass":47,"minecraft:oak_log":50,"minecraft:coal_ore":10,"minecraft:beetroots":3,"minecraft:dirt":149,"minecraft:oak_leaves":7,"minecraft:fern":3},"minecraft:killed":{"minecraft:skeleton":1,"minecraft:chicken":1,"minecraft:pig":1,"minecraft:salmon":5,"minecraft:sheep":2,"minecraft:zombie":2,"minecraft:cow":4},"minecraft:dropped":{"minecraft:iron_ingot":1,"minecraft:bread":4,"minecraft:oak_log":3,"minecraft:crafting_table":1,"minecraft:cobblestone":51,"minecraft:coal":11,"minecraft:golden_apple":1,"minecraft:emerald":1,"minecraft:stick":15,"minecraft:dirt":139,"minecraft:torch":1,"minecraft:wooden_axe":1,"minecraft:pumpkin":20,"minecraft:spruce_sapling":4,"minecraft:stone_axe":2,"minecraft:stone_sword":1,"minecraft:wheat":1,"minecraft:rotten_flesh":3,"minecraft:oak_planks":2,"minecraft:white_bed":1,"minecraft:filled_map":1,"minecraft:poppy":4,"minecraft:potato":27,"minecraft:spruce_boat":1,"minecraft:shield":1,"minecraft:spruce_planks":46,"minecraft:bow":1,"minecraft:wooden_pickaxe":1,"minecraft:stone_pickaxe":1,"minecraft:splash_potion":1},"minecraft:killed_by":{"minecraft:stray":1,"minecraft:enderman":2,"minecraft:iron_golem":3,"minecraft:drowned":2,"minecraft:zombie":4},"minecraft:picked_up":{"minecraft:wooden_axe":2,"minecraft:crafting_table":4,"minecraft:wheat":9,"minecraft:chicken":1,"minecraft:flower_pot":1,"minecraft:yellow_wool":1,"minecraft:leather_leggings":1,"minecraft:lead":2,"minecraft:wooden_pickaxe":2,"minecraft:oak_stairs":1,"minecraft:brewing_stand":1,"minecraft:shield":2,"minecraft:cornflower":1,"minecraft:red_bed":1,"minecraft:white_carpet":3,"minecraft:iron_shovel":3,"minecraft:spruce_planks":28,"minecraft:beef":8,"minecraft:poppy":7,"minecraft:sugar_cane":35,"minecraft:chest":1,"minecraft:furnace":3,"minecraft:egg":2,"minecraft:stick":9,"minecraft:raw_iron":7,"minecraft:oak_door":4,"minecraft:oak_fence":1,"minecraft:torch":14,"minecraft:acacia_log":3,"minecraft:spruce_fence":1,"minecraft:porkchop":2,"minecraft:carrot":55,"minecraft:cauldron":1,"minecraft:stone_sword":1,"minecraft:cactus":1,"minecraft:rotten_flesh":8,"minecraft:beetroot_seeds":3,"minecraft:hay_block":102,"minecraft:mutton":8,"minecraft:iron_bars":2,"minecraft:cobblestone":234,"minecraft:white_wool":9,"minecraft:leather_chestplate":1,"minecraft:cooked_beef":3,"minecraft:salmon":3,"minecraft:leather":4,"minecraft:smoker":3,"minecraft:potato":32,"minecraft:filled_map":1,"minecraft:oak_log":50,"minecraft:yellow_bed":13,"minecraft:lantern":6,"minecraft:dirt":734,"minecraft:bone":3,"minecraft:bow":1,"minecraft:wheat_seeds":59,"minecraft:bell":1,"minecraft:stone_pickaxe":2,"minecraft:iron_ingot":1,"minecraft:mossy_stone_bricks":7,"minecraft:oak_planks":227,"minecraft:pumpkin":23,"minecraft:dandelion":10,"minecraft:spruce_sapling":6,"minecraft:grass_block":1,"minecraft:white_bed":3,"minecraft:spruce_log":60,"minecraft:spruce_door":2,"minecraft:spruce_boat":1,"minecraft:stone_axe":3,"minecraft:golden_apple":1,"minecraft:bread":8,"minecraft:light_gray_carpet":3,"minecraft:coal":11,"minecraft:ender_pearl":1}},"DataVersion":2975}