{"stats":{"minecraft:dropped":{"minecraft:iron_ingot":1,"minecraft:dirt":11,"minecraft:stone_axe":1,"minecraft:oak_log":3,"minecraft:stone_sword":1,"minecraft:spruce_planks":46,"minecraft:wooden_axe":1,"minecraft:crafting_table":1,"minecraft:cobblestone":6,"minecraft:pumpkin":20,"minecraft:wooden_pickaxe":1,"minecraft:stone_pickaxe":1,"minecraft:spruce_sapling":4,"minecraft:stick":9},"minecraft:crafted":{"minecraft:spruce_planks":48,"minecraft:stick":10,"minecraft:wooden_pickaxe":1,"minecraft:stone_pickaxe":1,"minecraft:wooden_axe":1,"minecraft:stone_axe":1},"minecraft:picked_up":{"minecraft:wooden_axe":2,"minecraft:stick":9,"minecraft:crafting_table":1,"minecraft:pumpkin":23,"minecraft:salmon":2,"minecraft:wooden_pickaxe":2,"minecraft:oak_log":3,"minecraft:spruce_sapling":6,"minecraft:spruce_log":33,"minecraft:dirt":12,"minecraft:stone_sword":1,"minecraft:rotten_flesh":3,"minecraft:spruce_boat":1,"minecraft:stone_axe":2,"minecraft:spruce_planks":28,"minecraft:iron_ingot":1,"minecraft:stone_pickaxe":2,"minecraft:sugar_cane":19,"minecraft:cobblestone":21},"minecraft:custom":{"minecraft:time_since_rest":13455,"minecraft:sprint_one_cm":69241,"minecraft:damage_taken":1685,"minecraft:walk_one_cm":94691,"minecraft:mob_kills":4,"minecraft:drop":15,"minecraft:damage_dealt":317,"minecraft:interact_with_crafting_table":4,"minecraft:swim_one_cm":14105,"minecraft:fly_one_cm":64072,"minecraft:crouch_one_cm":296,"minecraft:play_time":27998,"minecraft:deaths":4,"minecraft:sneak_time":50,"minecraft:walk_under_water_one_cm":12417,"minecraft:boat_one_cm":154018,"minecraft:jump":274,"minecraft:leave_game":1,"minecraft:time_since_death":13428,"minecraft:walk_on_water_one_cm":3603,"minecraft:total_world_time":27998,"minecraft:fall_one_cm":11852},"minecraft:used":{"minecraft:wooden_pickaxe":8,"minecraft:stone_axe":34,"minecraft:salmon":1,"minecraft:dirt":1},"minecraft:killed":{"minecraft:zombie":1,"minecraft:salmon":3},"minecraft:killed_by":{"minecraft:stray":1,"minecraft:zombie":2},"minecraft:mined":{"minecraft:ice":1,"minecraft:spruce_log":33,"minecraft:pumpkin":5,"minecraft:crafting_table":1,"minecraft:oak_log":3,"minecraft:dirt":1,"minecraft:packed_ice":1,"minecraft:spruce_leaves":2,"minecraft:stone":7,"minecraft:sugar_cane":4}},"DataVersion":2975}