{"stats":{"minecraft:broken":{"minecraft:wooden_pickaxe":2,"minecraft:stone_pickaxe":1},"minecraft:used":{"minecraft:stone_sword":104,"minecraft:iron_shovel":290,"minecraft:chest":6,"minecraft:spruce_planks":1,"minecraft:bell":1,"minecraft:oak_door":9,"minecraft:torch":21,"minecraft:dirt":160,"minecraft:mutton":4,"minecraft:granite":1,"minecraft:spruce_fence":1,"minecraft:wooden_axe":86,"minecraft:egg":1,"minecraft:potato":31,"minecraft:cooked_beef":2,"minecraft:wheat_seeds":30,"minecraft:cobblestone_stairs":4,"minecraft:spruce_door":1,"minecraft:baked_potato":3,"minecraft:stone_pickaxe":231,"minecraft:oak_planks":2,"minecraft:wooden_pickaxe":128,"minecraft:salmon":2,"minecraft:golden_apple":1,"minecraft:crafting_table":7,"minecraft:white_bed":2,"minecraft:dripstone_block":1,"minecraft:oak_log":9,"minecraft:chicken":1,"minecraft:bread":24,"minecraft:stone_axe":132,"minecraft:cobblestone":24,"minecraft:porkchop":1,"minecraft:yellow_bed":4,"minecraft:dandelion":5,"minecraft:bone_meal":2},"minecraft:crafted":{"minecraft:oak_door":15,"minecraft:oak_planks":174,"minecraft:cobblestone_stairs":4,"minecraft:stone_pickaxe":2,"minecraft:chest":5,"minecraft:wheat":351,"minecraft:cooked_beef":3,"minecraft:emerald":1,"minecraft:crafting_table":4,"minecraft:spruce_planks":240,"minecraft:wooden_pickaxe":3,"minecraft:stone_axe":3,"minecraft:bread":118,"minecraft:air":0,"minecraft:stick":28,"minecraft:wooden_axe":2,"minecraft:stone_sword":2,"minecraft:white_bed":1,"minecraft:acacia_planks":12,"minecraft:torch":8},"minecraft:custom":{"minecraft:mob_kills":38,"minecraft:interact_with_crafting_table":37,"minecraft:bell_ring":20,"minecraft:leave_game":5,"minecraft:time_since_death":66447,"minecraft:climb_one_cm":2975,"minecraft:sprint_one_cm":332538,"minecraft:walk_one_cm":501441,"minecraft:drop":121,"minecraft:talked_to_villager":14,"minecraft:play_time":180211,"minecraft:sneak_time":15011,"minecraft:deaths":13,"minecraft:walk_under_water_one_cm":47682,"minecraft:boat_one_cm":271701,"minecraft:interact_with_brewingstand":1,"minecraft:jump":2795,"minecraft:walk_on_water_one_cm":42127,"minecraft:total_world_time":180211,"minecraft:interact_with_furnace":6,"minecraft:traded_with_villager":1,"minecraft:sleep_in_bed":10,"minecraft:time_since_rest":24659,"minecraft:damage_taken":5186,"minecraft:damage_absorbed":17,"minecraft:damage_dealt":4297,"minecraft:swim_one_cm":137608,"minecraft:fly_one_cm":436487,"minecraft:open_chest":40,"minecraft:crouch_one_cm":37524,"minecraft:interact_with_smoker":7,"minecraft:fall_one_cm":64247,"minecraft:horse_one_cm":92317},"minecraft:mined":{"minecraft:farmland":1,"minecraft:white_bed":4,"minecraft:oak_door":4,"minecraft:potted_cactus":1,"minecraft:brewing_stand":1,"minecraft:granite":1,"minecraft:budding_amethyst":1,"minecraft:acacia_log":3,"minecraft:grass_block":125,"minecraft:spruce_fence":1,"minecraft:spruce_leaves":3,"minecraft:large_fern":1,"minecraft:hay_block":40,"minecraft:furnace":3,"minecraft:carrots":31,"minecraft:iron_ore":25,"minecraft:pumpkin":5,"minecraft:deepslate_lapis_ore":2,"minecraft:bell":1,"minecraft:pointed_dripstone":1,"minecraft:deepslate_iron_ore":3,"minecraft:potatoes":38,"minecraft:water_cauldron":1,"minecraft:dirt_path":1,"minecraft:oak_stairs":1,"minecraft:iron_bars":2,"minecraft:lantern":7,"minecraft:packed_ice":30,"minecraft:stone":185,"minecraft:white_wool":1,"minecraft:light_gray_carpet":3,"minecraft:red_bed":1,"minecraft:smoker":3,"minecraft:spruce_door":1,"minecraft:dandelion":6,"minecraft:oak_fence":2,"minecraft:crafting_table":4,"minecraft:cornflower":1,"minecraft:torch":6,"minecraft:calcite":1,"minecraft:poppy":1,"minecraft:chest":1,"minecraft:copper_ore":9,"minecraft:tall_grass":2,"minecraft:cobblestone":9,"minecraft:lapis_ore":8,"minecraft:sugar_cane":10,"minecraft:oak_planks":3,"minecraft:diorite":1,"minecraft:wall_torch":12,"minecraft:amethyst_block":7,"minecraft:deepslate_copper_ore":1,"minecraft:seagrass":1,"minecraft:yellow_wool":1,"minecraft:wheat":46,"minecraft:ice":5,"minecraft:white_carpet":3,"minecraft:spruce_log":61,"minecraft:yellow_bed":4,"minecraft:grass":73,"minecraft:oak_log":59,"minecraft:coal_ore":24,"minecraft:beetroots":8,"minecraft:dripstone_block":2,"minecraft:dirt":153,"minecraft:oak_leaves":28,"minecraft:fern":3},"minecraft:killed":{"minecraft:skeleton":1,"minecraft:chicken":3,"minecraft:pig":5,"minecraft:salmon":11,"minecraft:squid":1,"minecraft:sheep":10,"minecraft:zombie":2,"minecraft:cow":4},"minecraft:dropped":{"minecraft:iron_ingot":1,"minecraft:bread":4,"minecraft:oak_log":3,"minecraft:crafting_table":1,"minecraft:cobblestone":51,"minecraft:coal":11,"minecraft:golden_apple":1,"minecraft:emerald":1,"minecraft:stick":15,"minecraft:dirt":139,"minecraft:torch":1,"minecraft:wooden_axe":1,"minecraft:pumpkin":20,"minecraft:spruce_sapling":4,"minecraft:stone_axe":2,"minecraft:stone_sword":1,"minecraft:wheat":1,"minecraft:raw_iron":5,"minecraft:rotten_flesh":3,"minecraft:oak_planks":2,"minecraft:white_bed":1,"minecraft:filled_map":1,"minecraft:poppy":4,"minecraft:potato":27,"minecraft:spruce_boat":1,"minecraft:shield":1,"minecraft:spruce_planks":46,"minecraft:bow":1,"minecraft:wooden_pickaxe":1,"minecraft:stone_pickaxe":1,"minecraft:splash_potion":1},"minecraft:killed_by":{"minecraft:stray":1,"minecraft:enderman":2,"minecraft:iron_golem":3,"minecraft:drowned":2,"minecraft:zombie":4},"minecraft:picked_up":{"minecraft:wooden_axe":2,"minecraft:crafting_table":4,"minecraft:wheat":16,"minecraft:chicken":2,"minecraft:flower_pot":1,"minecraft:yellow_wool":1,"minecraft:leather_leggings":1,"minecraft:lead":4,"minecraft:wooden_pickaxe":2,"minecraft:oak_stairs":1,"minecraft:brewing_stand":1,"minecraft:shield":3,"minecraft:cornflower":1,"minecraft:red_bed":1,"minecraft:raw_copper":29,"minecraft:white_carpet":3,"minecraft:iron_shovel":3,"minecraft:beetroot":4,"minecraft:spruce_planks":28,"minecraft:beef":8,"minecraft:poppy":7,"minecraft:sugar_cane":36,"minecraft:chest":1,"minecraft:furnace":3,"minecraft:egg":2,"minecraft:stick":11,"minecraft:raw_iron":28,"minecraft:oak_door":5,"minecraft:oak_fence":2,"minecraft:torch":20,"minecraft:acacia_log":3,"minecraft:spruce_fence":1,"minecraft:porkchop":13,"minecraft:pointed_dripstone":2,"minecraft:carrot":73,"minecraft:cauldron":1,"minecraft:stone_sword":1,"minecraft:cactus":1,"minecraft:rotten_flesh":8,"minecraft:beetroot_seeds":13,"minecraft:hay_block":102,"minecraft:mutton":22,"minecraft:iron_bars":2,"minecraft:cobblestone":255,"minecraft:white_wool":15,"minecraft:leather_chestplate":1,"minecraft:feather":1,"minecraft:cooked_beef":3,"minecraft:salmon":8,"minecraft:leather":4,"minecraft:smoker":3,"minecraft:potato":77,"minecraft:filled_map":1,"minecraft:oak_log":59,"minecraft:yellow_bed":13,"minecraft:lapis_lazuli":66,"minecraft:lantern":6,"minecraft:dirt":740,"minecraft:bone":3,"minecraft:apple":2,"minecraft:bow":1,"minecraft:wheat_seeds":89,"minecraft:bell":1,"minecraft:stone_pickaxe":3,"minecraft:iron_ingot":1,"minecraft:mossy_stone_bricks":7,"minecraft:oak_planks":227,"minecraft:pumpkin":23,"minecraft:dandelion":10,"minecraft:dripstone_block":1,"minecraft:spruce_sapling":6,"minecraft:ink_sac":2,"minecraft:grass_block":1,"minecraft:white_bed":3,"minecraft:spruce_log":60,"minecraft:spruce_door":2,"minecraft:spruce_boat":1,"minecraft:stone_axe":3,"minecraft:granite":1,"minecraft:bone_meal":3,"minecraft:gray_wool":2,"minecraft:golden_apple":1,"minecraft:bread":8,"minecraft:baked_potato":8,"minecraft:oak_sapling":3,"minecraft:light_gray_carpet":3,"minecraft:coal":25,"minecraft:ender_pearl":1}},"DataVersion":2975}