{"stats":{"minecraft:dropped":{"minecraft:iron_ingot":1,"minecraft:bread":1,"minecraft:stone_axe":2,"minecraft:oak_log":3,"minecraft:stone_sword":1,"minecraft:crafting_table":1,"minecraft:cobblestone":51,"minecraft:rotten_flesh":2,"minecraft:stick":9,"minecraft:filled_map":1,"minecraft:dirt":11,"minecraft:spruce_boat":1,"minecraft:spruce_planks":46,"minecraft:wooden_axe":1,"minecraft:pumpkin":20,"minecraft:stone_pickaxe":1,"minecraft:wooden_pickaxe":1,"minecraft:spruce_sapling":4},"minecraft:crafted":{"minecraft:oak_planks":14,"minecraft:spruce_planks":48,"minecraft:wooden_pickaxe":1,"minecraft:stone_axe":1,"minecraft:bread":2,"minecraft:stick":12,"minecraft:stone_pickaxe":1,"minecraft:wooden_axe":1,"minecraft:stone_sword":1},"minecraft:picked_up":{"minecraft:wooden_axe":2,"minecraft:crafting_table":1,"minecraft:leather_chestplate":1,"minecraft:salmon":2,"minecraft:leather_leggings":1,"minecraft:wooden_pickaxe":2,"minecraft:oak_stairs":1,"minecraft:filled_map":1,"minecraft:oak_log":7,"minecraft:shield":1,"minecraft:dirt":12,"minecraft:spruce_planks":28,"minecraft:iron_ingot":1,"minecraft:stone_pickaxe":2,"minecraft:sugar_cane":19,"minecraft:oak_planks":3,"minecraft:stick":9,"minecraft:oak_door":2,"minecraft:pumpkin":23,"minecraft:spruce_sapling":6,"minecraft:spruce_log":33,"minecraft:stone_sword":1,"minecraft:rotten_flesh":3,"minecraft:stone_axe":3,"minecraft:spruce_boat":1,"minecraft:bread":3,"minecraft:cobblestone":142},"minecraft:custom":{"minecraft:interact_with_furnace":2,"minecraft:mob_kills":4,"minecraft:interact_with_crafting_table":8,"minecraft:leave_game":2,"minecraft:time_since_death":30719,"minecraft:time_since_rest":30746,"minecraft:sprint_one_cm":75690,"minecraft:damage_taken":1765,"minecraft:walk_one_cm":137627,"minecraft:drop":65,"minecraft:damage_dealt":398,"minecraft:swim_one_cm":43695,"minecraft:fly_one_cm":74447,"minecraft:open_chest":1,"minecraft:crouch_one_cm":332,"minecraft:play_time":45289,"minecraft:deaths":4,"minecraft:sneak_time":54,"minecraft:walk_under_water_one_cm":20824,"minecraft:boat_one_cm":175062,"minecraft:jump":346,"minecraft:walk_on_water_one_cm":10968,"minecraft:total_world_time":45289,"minecraft:fall_one_cm":11852},"minecraft:used":{"minecraft:stone_pickaxe":22,"minecraft:wooden_pickaxe":59,"minecraft:oak_door":2,"minecraft:salmon":2,"minecraft:dirt":1,"minecraft:wooden_axe":27,"minecraft:bread":4,"minecraft:stone_axe":47,"minecraft:cobblestone":1},"minecraft:broken":{"minecraft:wooden_pickaxe":1},"minecraft:killed":{"minecraft:salmon":3,"minecraft:zombie":1},"minecraft:killed_by":{"minecraft:stray":1,"minecraft:zombie":2},"minecraft:mined":{"minecraft:oak_door":2,"minecraft:crafting_table":1,"minecraft:spruce_leaves":2,"minecraft:sugar_cane":4,"minecraft:oak_planks":3,"minecraft:ice":4,"minecraft:spruce_log":33,"minecraft:pumpkin":5,"minecraft:oak_log":7,"minecraft:oak_stairs":1,"minecraft:dirt":1,"minecraft:packed_ice":29,"minecraft:stone":80}},"DataVersion":2975}