{"stats":{"minecraft:killed":{"minecraft:salmon":4,"minecraft:skeleton":1,"minecraft:zombie":2,"minecraft:chicken":1},"minecraft:dropped":{"minecraft:iron_ingot":1,"minecraft:bread":1,"minecraft:stone_axe":2,"minecraft:oak_log":3,"minecraft:stone_sword":1,"minecraft:crafting_table":1,"minecraft:cobblestone":51,"minecraft:rotten_flesh":3,"minecraft:golden_apple":1,"minecraft:coal":11,"minecraft:stick":12,"minecraft:filled_map":1,"minecraft:dirt":11,"minecraft:spruce_boat":1,"minecraft:shield":1,"minecraft:torch":1,"minecraft:spruce_planks":46,"minecraft:wooden_axe":1,"minecraft:bow":1,"minecraft:pumpkin":20,"minecraft:wooden_pickaxe":1,"minecraft:stone_pickaxe":1,"minecraft:splash_potion":1,"minecraft:spruce_sapling":4},"minecraft:crafted":{"minecraft:oak_planks":14,"minecraft:crafting_table":1,"minecraft:spruce_planks":240,"minecraft:wooden_pickaxe":1,"minecraft:stone_axe":1,"minecraft:bread":2,"minecraft:stick":16,"minecraft:stone_pickaxe":1,"minecraft:wooden_axe":2,"minecraft:stone_sword":1,"minecraft:acacia_planks":12},"minecraft:picked_up":{"minecraft:wooden_axe":2,"minecraft:crafting_table":2,"minecraft:leather_chestplate":1,"minecraft:cooked_beef":3,"minecraft:chicken":1,"minecraft:flower_pot":1,"minecraft:salmon":2,"minecraft:leather_leggings":1,"minecraft:wooden_pickaxe":2,"minecraft:smoker":2,"minecraft:filled_map":1,"minecraft:oak_stairs":1,"minecraft:oak_log":10,"minecraft:brewing_stand":1,"minecraft:shield":2,"minecraft:red_bed":1,"minecraft:lantern":6,"minecraft:dirt":20,"minecraft:white_carpet":3,"minecraft:bow":1,"minecraft:bell":1,"minecraft:spruce_planks":28,"minecraft:iron_ingot":1,"minecraft:stone_pickaxe":2,"minecraft:mossy_stone_bricks":7,"minecraft:sugar_cane":26,"minecraft:oak_planks":3,"minecraft:furnace":3,"minecraft:stick":9,"minecraft:raw_iron":7,"minecraft:oak_door":2,"minecraft:pumpkin":23,"minecraft:torch":1,"minecraft:acacia_log":3,"minecraft:spruce_fence":1,"minecraft:spruce_sapling":6,"minecraft:grass_block":1,"minecraft:white_bed":3,"minecraft:spruce_log":60,"minecraft:spruce_door":2,"minecraft:cauldron":1,"minecraft:cactus":1,"minecraft:stone_sword":1,"minecraft:rotten_flesh":4,"minecraft:spruce_boat":1,"minecraft:stone_axe":3,"minecraft:golden_apple":1,"minecraft:bread":7,"minecraft:light_gray_carpet":3,"minecraft:iron_bars":2,"minecraft:coal":11,"minecraft:cobblestone":145,"minecraft:ender_pearl":1},"minecraft:broken":{"minecraft:wooden_pickaxe":1},"minecraft:custom":{"minecraft:interact_with_furnace":4,"minecraft:mob_kills":9,"minecraft:interact_with_crafting_table":10,"minecraft:leave_game":2,"minecraft:time_since_death":2243,"minecraft:sleep_in_bed":3,"minecraft:climb_one_cm":2975,"minecraft:time_since_rest":2304,"minecraft:sprint_one_cm":142097,"minecraft:damage_absorbed":17,"minecraft:damage_taken":3419,"minecraft:walk_one_cm":261565,"minecraft:drop":73,"minecraft:damage_dealt":2132,"minecraft:swim_one_cm":69586,"minecraft:fly_one_cm":158883,"minecraft:open_chest":9,"minecraft:crouch_one_cm":12265,"minecraft:play_time":83511,"minecraft:deaths":9,"minecraft:sneak_time":3906,"minecraft:walk_under_water_one_cm":28627,"minecraft:boat_one_cm":271701,"minecraft:jump":997,"minecraft:interact_with_brewingstand":1,"minecraft:walk_on_water_one_cm":21742,"minecraft:interact_with_smoker":1,"minecraft:total_world_time":83511,"minecraft:fall_one_cm":25317},"minecraft:killed_by":{"minecraft:stray":1,"minecraft:zombie":4,"minecraft:enderman":1,"minecraft:drowned":2},"minecraft:mined":{"minecraft:light_gray_carpet":3,"minecraft:white_bed":4,"minecraft:red_bed":1,"minecraft:oak_door":2,"minecraft:smoker":2,"minecraft:dandelion":1,"minecraft:spruce_door":1,"minecraft:potted_cactus":1,"minecraft:brewing_stand":1,"minecraft:crafting_table":2,"minecraft:torch":1,"minecraft:acacia_log":3,"minecraft:grass_block":5,"minecraft:spruce_fence":1,"minecraft:spruce_leaves":3,"minecraft:sugar_cane":6,"minecraft:oak_planks":3,"minecraft:large_fern":1,"minecraft:furnace":3,"minecraft:iron_ore":7,"minecraft:ice":5,"minecraft:white_carpet":3,"minecraft:spruce_log":61,"minecraft:pumpkin":5,"minecraft:bell":1,"minecraft:grass":2,"minecraft:iron_bars":2,"minecraft:coal_ore":10,"minecraft:oak_log":10,"minecraft:water_cauldron":1,"minecraft:oak_stairs":1,"minecraft:lantern":7,"minecraft:dirt":10,"minecraft:packed_ice":30,"minecraft:stone":84,"minecraft:fern":3},"minecraft:used":{"minecraft:stone_sword":32,"minecraft:spruce_door":1,"minecraft:stone_pickaxe":75,"minecraft:spruce_planks":1,"minecraft:wooden_pickaxe":59,"minecraft:bell":1,"minecraft:oak_door":2,"minecraft:salmon":2,"minecraft:golden_apple":1,"minecraft:dirt":1,"minecraft:crafting_table":1,"minecraft:white_bed":2,"minecraft:spruce_fence":1,"minecraft:wooden_axe":33,"minecraft:chicken":1,"minecraft:bread":8,"minecraft:stone_axe":83,"minecraft:cobblestone":1,"minecraft:cooked_beef":2}},"DataVersion":2975}