{"stats":{"minecraft:dropped":{"minecraft:spruce_planks":18,"minecraft:wooden_axe":1},"minecraft:crafted":{"minecraft:spruce_planks":48,"minecraft:stick":10,"minecraft:wooden_pickaxe":1,"minecraft:stone_pickaxe":1,"minecraft:wooden_axe":1,"minecraft:stone_axe":1},"minecraft:picked_up":{"minecraft:wooden_axe":1,"minecraft:pumpkin":4,"minecraft:oak_log":3,"minecraft:spruce_sapling":2,"minecraft:spruce_log":12,"minecraft:dirt":1,"minecraft:rotten_flesh":1,"minecraft:cobblestone":9},"minecraft:custom":{"minecraft:time_since_rest":1455,"minecraft:sprint_one_cm":35431,"minecraft:damage_taken":1540,"minecraft:walk_one_cm":44908,"minecraft:mob_kills":1,"minecraft:drop":2,"minecraft:damage_dealt":211,"minecraft:interact_with_crafting_table":4,"minecraft:swim_one_cm":2127,"minecraft:fly_one_cm":46867,"minecraft:play_time":15998,"minecraft:deaths":4,"minecraft:sneak_time":1,"minecraft:walk_under_water_one_cm":572,"minecraft:boat_one_cm":40054,"minecraft:jump":214,"minecraft:leave_game":1,"minecraft:time_since_death":1428,"minecraft:walk_on_water_one_cm":4,"minecraft:total_world_time":15998,"minecraft:fall_one_cm":11583},"minecraft:used":{"minecraft:wooden_pickaxe":8,"minecraft:stone_axe":8,"minecraft:dirt":1},"minecraft:killed":{"minecraft:zombie":1},"minecraft:killed_by":{"minecraft:stray":1,"minecraft:zombie":2},"minecraft:mined":{"minecraft:spruce_log":12,"minecraft:pumpkin":5,"minecraft:crafting_table":1,"minecraft:oak_log":3,"minecraft:dirt":1,"minecraft:packed_ice":1,"minecraft:stone":7}},"DataVersion":2975}