{"stats":{"minecraft:killed":{"minecraft:salmon":3,"minecraft:zombie":1},"minecraft:dropped":{"minecraft:iron_ingot":1,"minecraft:bread":1,"minecraft:stone_axe":2,"minecraft:oak_log":3,"minecraft:stone_sword":1,"minecraft:crafting_table":1,"minecraft:cobblestone":51,"minecraft:rotten_flesh":2,"minecraft:stick":9,"minecraft:filled_map":1,"minecraft:dirt":11,"minecraft:spruce_boat":1,"minecraft:shield":1,"minecraft:torch":1,"minecraft:spruce_planks":46,"minecraft:wooden_axe":1,"minecraft:pumpkin":20,"minecraft:wooden_pickaxe":1,"minecraft:stone_pickaxe":1,"minecraft:spruce_sapling":4},"minecraft:crafted":{"minecraft:oak_planks":14,"minecraft:spruce_planks":240,"minecraft:wooden_pickaxe":1,"minecraft:stone_axe":1,"minecraft:bread":2,"minecraft:stick":12,"minecraft:stone_pickaxe":1,"minecraft:wooden_axe":1,"minecraft:stone_sword":1},"minecraft:picked_up":{"minecraft:wooden_axe":2,"minecraft:crafting_table":1,"minecraft:leather_chestplate":1,"minecraft:salmon":2,"minecraft:leather_leggings":1,"minecraft:wooden_pickaxe":2,"minecraft:smoker":2,"minecraft:filled_map":1,"minecraft:oak_stairs":1,"minecraft:oak_log":10,"minecraft:shield":2,"minecraft:lantern":6,"minecraft:dirt":12,"minecraft:bell":1,"minecraft:spruce_planks":28,"minecraft:iron_ingot":1,"minecraft:stone_pickaxe":2,"minecraft:sugar_cane":19,"minecraft:oak_planks":3,"minecraft:furnace":2,"minecraft:stick":9,"minecraft:oak_door":2,"minecraft:pumpkin":23,"minecraft:torch":1,"minecraft:spruce_fence":1,"minecraft:spruce_sapling":6,"minecraft:white_bed":1,"minecraft:spruce_log":60,"minecraft:cauldron":1,"minecraft:stone_sword":1,"minecraft:rotten_flesh":3,"minecraft:spruce_boat":1,"minecraft:stone_axe":3,"minecraft:bread":7,"minecraft:cobblestone":142},"minecraft:broken":{"minecraft:wooden_pickaxe":1},"minecraft:custom":{"minecraft:interact_with_furnace":4,"minecraft:mob_kills":4,"minecraft:interact_with_crafting_table":8,"minecraft:leave_game":2,"minecraft:time_since_death":44941,"minecraft:sleep_in_bed":2,"minecraft:time_since_rest":10164,"minecraft:sprint_one_cm":111637,"minecraft:damage_taken":1957,"minecraft:walk_one_cm":183466,"minecraft:drop":67,"minecraft:damage_dealt":652,"minecraft:swim_one_cm":43695,"minecraft:fly_one_cm":107950,"minecraft:open_chest":5,"minecraft:crouch_one_cm":7252,"minecraft:play_time":59511,"minecraft:deaths":4,"minecraft:sneak_time":2126,"minecraft:walk_under_water_one_cm":20824,"minecraft:boat_one_cm":224361,"minecraft:jump":632,"minecraft:walk_on_water_one_cm":10968,"minecraft:interact_with_smoker":1,"minecraft:total_world_time":59511,"minecraft:fall_one_cm":16852},"minecraft:killed_by":{"minecraft:stray":1,"minecraft:zombie":2},"minecraft:mined":{"minecraft:white_bed":2,"minecraft:oak_door":2,"minecraft:smoker":2,"minecraft:crafting_table":1,"minecraft:torch":1,"minecraft:spruce_fence":1,"minecraft:spruce_leaves":3,"minecraft:sugar_cane":4,"minecraft:oak_planks":3,"minecraft:large_fern":1,"minecraft:furnace":2,"minecraft:ice":5,"minecraft:spruce_log":61,"minecraft:pumpkin":5,"minecraft:bell":1,"minecraft:oak_log":10,"minecraft:water_cauldron":1,"minecraft:oak_stairs":1,"minecraft:lantern":7,"minecraft:dirt":1,"minecraft:packed_ice":30,"minecraft:stone":80,"minecraft:fern":2},"minecraft:used":{"minecraft:stone_sword":10,"minecraft:stone_pickaxe":38,"minecraft:wooden_pickaxe":59,"minecraft:bell":1,"minecraft:oak_door":2,"minecraft:salmon":2,"minecraft:dirt":1,"minecraft:white_bed":1,"minecraft:spruce_fence":1,"minecraft:wooden_axe":28,"minecraft:bread":8,"minecraft:stone_axe":82,"minecraft:cobblestone":1}},"DataVersion":2975}