{"stats":{"minecraft:mined":{"minecraft:white_bed":4,"minecraft:oak_door":2,"minecraft:potted_cactus":1,"minecraft:brewing_stand":1,"minecraft:acacia_log":3,"minecraft:grass_block":89,"minecraft:spruce_fence":1,"minecraft:spruce_leaves":3,"minecraft:large_fern":1,"minecraft:hay_block":40,"minecraft:furnace":3,"minecraft:carrots":12,"minecraft:iron_ore":7,"minecraft:pumpkin":5,"minecraft:bell":1,"minecraft:potatoes":5,"minecraft:water_cauldron":1,"minecraft:dirt_path":1,"minecraft:oak_stairs":1,"minecraft:iron_bars":2,"minecraft:lantern":7,"minecraft:packed_ice":30,"minecraft:stone":96,"minecraft:white_wool":1,"minecraft:light_gray_carpet":3,"minecraft:red_bed":1,"minecraft:smoker":3,"minecraft:spruce_door":1,"minecraft:dandelion":6,"minecraft:oak_fence":1,"minecraft:crafting_table":4,"minecraft:cornflower":1,"minecraft:torch":4,"minecraft:poppy":1,"minecraft:tall_grass":1,"minecraft:sugar_cane":10,"minecraft:oak_planks":3,"minecraft:wall_torch":2,"minecraft:yellow_wool":1,"minecraft:wheat":4,"minecraft:ice":5,"minecraft:white_carpet":3,"minecraft:spruce_log":61,"minecraft:yellow_bed":4,"minecraft:grass":39,"minecraft:oak_log":34,"minecraft:coal_ore":10,"minecraft:beetroots":2,"minecraft:dirt":114,"minecraft:oak_leaves":4,"minecraft:fern":3},"minecraft:killed":{"minecraft:skeleton":1,"minecraft:chicken":1,"minecraft:pig":1,"minecraft:salmon":5,"minecraft:sheep":2,"minecraft:zombie":2,"minecraft:cow":4},"minecraft:used":{"minecraft:stone_sword":32,"minecraft:iron_shovel":194,"minecraft:spruce_planks":1,"minecraft:bell":1,"minecraft:oak_door":2,"minecraft:torch":2,"minecraft:dirt":22,"minecraft:mutton":4,"minecraft:spruce_fence":1,"minecraft:wooden_axe":74,"minecraft:egg":1,"minecraft:cooked_beef":2,"minecraft:spruce_door":1,"minecraft:stone_pickaxe":75,"minecraft:wooden_pickaxe":112,"minecraft:salmon":2,"minecraft:golden_apple":1,"minecraft:crafting_table":6,"minecraft:white_bed":2,"minecraft:chicken":1,"minecraft:bread":10,"minecraft:stone_axe":83,"minecraft:cobblestone":1,"minecraft:yellow_bed":4,"minecraft:dandelion":5},"minecraft:dropped":{"minecraft:iron_ingot":1,"minecraft:bread":1,"minecraft:oak_log":3,"minecraft:crafting_table":1,"minecraft:cobblestone":51,"minecraft:coal":11,"minecraft:golden_apple":1,"minecraft:stick":12,"minecraft:dirt":11,"minecraft:torch":1,"minecraft:wooden_axe":1,"minecraft:pumpkin":20,"minecraft:spruce_sapling":4,"minecraft:stone_axe":2,"minecraft:stone_sword":1,"minecraft:rotten_flesh":3,"minecraft:filled_map":1,"minecraft:poppy":4,"minecraft:spruce_boat":1,"minecraft:shield":1,"minecraft:spruce_planks":46,"minecraft:bow":1,"minecraft:wooden_pickaxe":1,"minecraft:stone_pickaxe":1,"minecraft:splash_potion":1},"minecraft:broken":{"minecraft:wooden_pickaxe":2},"minecraft:picked_up":{"minecraft:wooden_axe":2,"minecraft:crafting_table":4,"minecraft:chicken":1,"minecraft:flower_pot":1,"minecraft:yellow_wool":1,"minecraft:leather_leggings":1,"minecraft:wooden_pickaxe":2,"minecraft:oak_stairs":1,"minecraft:brewing_stand":1,"minecraft:shield":2,"minecraft:cornflower":1,"minecraft:red_bed":1,"minecraft:white_carpet":3,"minecraft:iron_shovel":3,"minecraft:spruce_planks":28,"minecraft:beef":8,"minecraft:poppy":7,"minecraft:sugar_cane":35,"minecraft:egg":2,"minecraft:furnace":3,"minecraft:stick":9,"minecraft:raw_iron":7,"minecraft:oak_door":2,"minecraft:oak_fence":1,"minecraft:torch":7,"minecraft:acacia_log":3,"minecraft:spruce_fence":1,"minecraft:porkchop":2,"minecraft:carrot":23,"minecraft:cauldron":1,"minecraft:rotten_flesh":4,"minecraft:stone_sword":1,"minecraft:cactus":1,"minecraft:beetroot_seeds":2,"minecraft:hay_block":102,"minecraft:mutton":8,"minecraft:iron_bars":2,"minecraft:cobblestone":157,"minecraft:white_wool":9,"minecraft:leather_chestplate":1,"minecraft:cooked_beef":3,"minecraft:salmon":3,"minecraft:leather":4,"minecraft:smoker":3,"minecraft:potato":5,"minecraft:filled_map":1,"minecraft:oak_log":34,"minecraft:yellow_bed":13,"minecraft:lantern":6,"minecraft:dirt":541,"minecraft:bone":3,"minecraft:bow":1,"minecraft:wheat_seeds":19,"minecraft:bell":1,"minecraft:iron_ingot":1,"minecraft:stone_pickaxe":2,"minecraft:mossy_stone_bricks":7,"minecraft:oak_planks":225,"minecraft:pumpkin":23,"minecraft:dandelion":10,"minecraft:spruce_sapling":6,"minecraft:grass_block":1,"minecraft:white_bed":3,"minecraft:spruce_log":60,"minecraft:spruce_door":2,"minecraft:spruce_boat":1,"minecraft:stone_axe":3,"minecraft:golden_apple":1,"minecraft:bread":7,"minecraft:light_gray_carpet":3,"minecraft:coal":11,"minecraft:ender_pearl":1},"minecraft:killed_by":{"minecraft:stray":1,"minecraft:enderman":2,"minecraft:iron_golem":3,"minecraft:drowned":2,"minecraft:zombie":4},"minecraft:custom":{"minecraft:mob_kills":17,"minecraft:interact_with_crafting_table":23,"minecraft:bell_ring":9,"minecraft:leave_game":4,"minecraft:time_since_death":5661,"minecraft:climb_one_cm":2975,"minecraft:sprint_one_cm":198421,"minecraft:walk_one_cm":347821,"minecraft:drop":77,"minecraft:talked_to_villager":2,"minecraft:play_time":119425,"minecraft:deaths":13,"minecraft:sneak_time":6917,"minecraft:walk_under_water_one_cm":31105,"minecraft:boat_one_cm":271701,"minecraft:jump":1410,"minecraft:interact_with_brewingstand":1,"minecraft:walk_on_water_one_cm":24803,"minecraft:total_world_time":119425,"minecraft:interact_with_furnace":4,"minecraft:sleep_in_bed":7,"minecraft:time_since_rest":3883,"minecraft:damage_taken":4626,"minecraft:damage_absorbed":17,"minecraft:damage_dealt":2869,"minecraft:swim_one_cm":71262,"minecraft:fly_one_cm":229711,"minecraft:open_chest":15,"minecraft:crouch_one_cm":20444,"minecraft:interact_with_smoker":4,"minecraft:fall_one_cm":30466},"minecraft:crafted":{"minecraft:oak_planks":110,"minecraft:stone_pickaxe":1,"minecraft:wheat":351,"minecraft:cooked_beef":3,"minecraft:crafting_table":3,"minecraft:spruce_planks":240,"minecraft:wooden_pickaxe":3,"minecraft:stone_axe":1,"minecraft:bread":97,"minecraft:stick":24,"minecraft:wooden_axe":2,"minecraft:stone_sword":1,"minecraft:acacia_planks":12}},"DataVersion":2975}