{"stats":{"minecraft:mined":{"minecraft:white_bed":4,"minecraft:acacia_log":7,"minecraft:grass_block":286,"minecraft:spruce_leaves":7,"minecraft:composter":8,"minecraft:furnace":1,"minecraft:pumpkin":15,"minecraft:bell":1,"minecraft:water_cauldron":7,"minecraft:iron_bars":2,"minecraft:packed_ice":21,"minecraft:stone":125,"minecraft:crafting_table":4,"minecraft:cobblestone":6,"minecraft:tall_grass":8,"minecraft:sugar_cane":7,"minecraft:cauldron":1,"minecraft:coarse_dirt":1,"minecraft:wheat":1,"minecraft:ice":8,"minecraft:spruce_log":2,"minecraft:yellow_bed":3,"minecraft:grass":43,"minecraft:coal_ore":15,"minecraft:dirt":165,"minecraft:cracked_stone_bricks":5,"minecraft:stonecutter":1,"minecraft:acacia_planks":3,"minecraft:stone_bricks":8,"minecraft:mossy_stone_bricks":14,"minecraft:oak_leaves":1},"minecraft:killed":{"minecraft:skeleton":1,"minecraft:drowned":1,"minecraft:zombie_villager":1,"minecraft:iron_golem":2,"minecraft:zombie":5,"minecraft:villager":2,"minecraft:enderman":2,"minecraft:cow":5},"minecraft:used":{"minecraft:stone_sword":55,"minecraft:iron_shovel":425,"minecraft:chest":1,"minecraft:shield":5,"minecraft:bell":1,"minecraft:cooked_salmon":2,"minecraft:torch":2,"minecraft:dirt":130,"minecraft:snowball":17,"minecraft:spruce_boat":15,"minecraft:iron_axe":8,"minecraft:furnace":1,"minecraft:cooked_cod":3,"minecraft:cooked_beef":2,"minecraft:potato":20,"minecraft:acacia_planks":5,"minecraft:wheat_seeds":1,"minecraft:acacia_boat":1,"minecraft:spruce_door":1,"minecraft:stone_pickaxe":144,"minecraft:baked_potato":6,"minecraft:wooden_pickaxe":36,"minecraft:composter":6,"minecraft:cauldron":1,"minecraft:sugar_cane":3,"minecraft:crafting_table":6,"minecraft:white_bed":4,"minecraft:apple":1,"minecraft:bread":12,"minecraft:iron_pickaxe":11,"minecraft:suspicious_stew":1,"minecraft:stone_axe":52,"minecraft:cobblestone":17,"minecraft:yellow_bed":3,"minecraft:coarse_dirt":1},"minecraft:dropped":{"minecraft:iron_ingot":1,"minecraft:bread":7,"minecraft:cooked_beef":3,"minecraft:crafting_table":1,"minecraft:cobblestone":6,"minecraft:spruce_door":1,"minecraft:golden_apple":1,"minecraft:stick":9,"minecraft:dirt":11,"minecraft:wooden_axe":2,"minecraft:pumpkin":19,"minecraft:iron_shovel":1,"minecraft:spruce_sapling":4,"minecraft:bone":1,"minecraft:stone_axe":2,"minecraft:stone_sword":1,"minecraft:bowl":1,"minecraft:raw_iron":2,"minecraft:rotten_flesh":2,"minecraft:filled_map":2,"minecraft:poppy":1,"minecraft:leather_chestplate":1,"minecraft:shield":1,"minecraft:spruce_planks":28,"minecraft:leather_leggings":1,"minecraft:wooden_pickaxe":2,"minecraft:stone_pickaxe":2},"minecraft:broken":{"minecraft:iron_shovel":1,"minecraft:stone_pickaxe":1},"minecraft:picked_up":{"minecraft:wooden_axe":2,"minecraft:crafting_table":7,"minecraft:coarse_dirt":1,"minecraft:wheat":1,"minecraft:splash_potion":1,"minecraft:wooden_pickaxe":3,"minecraft:cooked_salmon":2,"minecraft:cracked_stone_bricks":2,"minecraft:spruce_planks":64,"minecraft:beef":11,"minecraft:poppy":3,"minecraft:sugar_cane":24,"minecraft:egg":1,"minecraft:furnace":1,"minecraft:stick":23,"minecraft:raw_iron":2,"minecraft:composter":8,"minecraft:torch":1,"minecraft:acacia_log":7,"minecraft:prismarine_crystals":7,"minecraft:cauldron":7,"minecraft:tnt":6,"minecraft:cooked_cod":3,"minecraft:stone_sword":2,"minecraft:rotten_flesh":11,"minecraft:gold_ingot":6,"minecraft:iron_bars":2,"minecraft:snowball":72,"minecraft:cobblestone":143,"minecraft:leather":6,"minecraft:filled_map":1,"minecraft:oak_log":3,"minecraft:yellow_bed":3,"minecraft:acacia_boat":1,"minecraft:dirt":463,"minecraft:bone":3,"minecraft:acacia_planks":18,"minecraft:stone_bricks":2,"minecraft:stonecutter":1,"minecraft:bow":1,"minecraft:wheat_seeds":19,"minecraft:bell":1,"minecraft:stone_pickaxe":4,"minecraft:rabbit_hide":1,"minecraft:heart_of_the_sea":1,"minecraft:iron_ingot":24,"minecraft:mossy_stone_bricks":4,"minecraft:rabbit":1,"minecraft:pumpkin":39,"minecraft:spruce_sapling":9,"minecraft:grass_block":1,"minecraft:white_bed":5,"minecraft:spruce_log":2,"minecraft:spruce_boat":15,"minecraft:stone_axe":3,"minecraft:golden_apple":1,"minecraft:emerald":8,"minecraft:bread":1,"minecraft:coal":25,"minecraft:ender_pearl":1},"minecraft:killed_by":{"minecraft:creeper":1,"minecraft:drowned":1,"minecraft:zombie":2},"minecraft:crafted":{"minecraft:furnace":1,"minecraft:stone_pickaxe":3,"minecraft:chest":1,"minecraft:spruce_boat":1,"minecraft:cooked_beef":8,"minecraft:crafting_table":2,"minecraft:spruce_planks":8,"minecraft:baked_potato":6,"minecraft:wooden_pickaxe":2,"minecraft:spruce_door":3,"minecraft:stone_axe":2,"minecraft:acacia_boat":1,"minecraft:bread":6,"minecraft:air":0,"minecraft:charcoal":3,"minecraft:shield":2,"minecraft:stick":32,"minecraft:stone_sword":2,"minecraft:iron_shovel":3,"minecraft:acacia_planks":28,"minecraft:torch":4},"minecraft:custom":{"minecraft:mob_kills":20,"minecraft:interact_with_crafting_table":24,"minecraft:bell_ring":9,"minecraft:leave_game":9,"minecraft:time_since_death":40659,"minecraft:climb_one_cm":4119,"minecraft:sprint_one_cm":87183,"minecraft:walk_one_cm":787876,"minecraft:damage_blocked_by_shield":200,"minecraft:drop":35,"minecraft:talked_to_villager":23,"minecraft:play_time":217542,"minecraft:deaths":5,"minecraft:sneak_time":4151,"minecraft:walk_under_water_one_cm":22416,"minecraft:boat_one_cm":528664,"minecraft:jump":1660,"minecraft:interact_with_brewingstand":1,"minecraft:walk_on_water_one_cm":10273,"minecraft:total_world_time":217542,"minecraft:interact_with_furnace":16,"minecraft:interact_with_stonecutter":1,"minecraft:sleep_in_bed":7,"minecraft:time_since_rest":5517,"minecraft:damage_taken":2887,"minecraft:damage_dealt":5839,"minecraft:swim_one_cm":26690,"minecraft:fly_one_cm":528108,"minecraft:open_chest":28,"minecraft:crouch_one_cm":11713,"minecraft:interact_with_smoker":3,"minecraft:fall_one_cm":19737}},"DataVersion":2975}