{"stats":{"minecraft:dropped":{"minecraft:filled_map":1,"minecraft:bread":3,"minecraft:iron_ingot":1,"minecraft:dirt":11,"minecraft:stone_axe":2,"minecraft:stone_sword":1,"minecraft:spruce_planks":28,"minecraft:wooden_axe":2,"minecraft:crafting_table":1,"minecraft:leather_leggings":1,"minecraft:cobblestone":6,"minecraft:rotten_flesh":2,"minecraft:pumpkin":19,"minecraft:wooden_pickaxe":2,"minecraft:stone_pickaxe":2,"minecraft:spruce_sapling":4,"minecraft:stick":9,"minecraft:leather_chestplate":1},"minecraft:crafted":{"minecraft:charcoal":3,"minecraft:shield":1,"minecraft:crafting_table":1,"minecraft:spruce_planks":8,"minecraft:stick":8,"minecraft:wooden_pickaxe":1,"minecraft:baked_potato":6,"minecraft:stone_pickaxe":1,"minecraft:stone_sword":1,"minecraft:furnace":1,"minecraft:spruce_boat":1,"minecraft:stone_axe":1,"minecraft:air":0,"minecraft:bread":6},"minecraft:picked_up":{"minecraft:wooden_axe":2,"minecraft:stick":17,"minecraft:crafting_table":2,"minecraft:pumpkin":39,"minecraft:wooden_pickaxe":2,"minecraft:oak_log":3,"minecraft:spruce_sapling":9,"minecraft:spruce_log":2,"minecraft:dirt":25,"minecraft:stone_sword":1,"minecraft:rotten_flesh":5,"minecraft:stone_axe":2,"minecraft:spruce_boat":8,"minecraft:spruce_planks":64,"minecraft:iron_ingot":2,"minecraft:stone_pickaxe":2,"minecraft:bread":1,"minecraft:snowball":55,"minecraft:cobblestone":45},"minecraft:custom":{"minecraft:time_since_rest":22572,"minecraft:interact_with_furnace":5,"minecraft:sprint_one_cm":15385,"minecraft:damage_taken":1205,"minecraft:walk_one_cm":176856,"minecraft:mob_kills":4,"minecraft:drop":22,"minecraft:damage_dealt":838,"minecraft:swim_one_cm":11625,"minecraft:interact_with_crafting_table":6,"minecraft:fly_one_cm":112730,"minecraft:open_chest":4,"minecraft:crouch_one_cm":4039,"minecraft:play_time":52550,"minecraft:deaths":3,"minecraft:sneak_time":2152,"minecraft:walk_under_water_one_cm":16740,"minecraft:boat_one_cm":206432,"minecraft:jump":277,"minecraft:leave_game":4,"minecraft:time_since_death":22542,"minecraft:walk_on_water_one_cm":7137,"minecraft:total_world_time":52550,"minecraft:fall_one_cm":3073},"minecraft:used":{"minecraft:spruce_boat":8,"minecraft:stone_sword":17,"minecraft:bread":4,"minecraft:stone_pickaxe":45,"minecraft:wooden_pickaxe":5,"minecraft:stone_axe":16,"minecraft:cobblestone":2,"minecraft:dirt":3,"minecraft:crafting_table":2,"minecraft:furnace":1},"minecraft:killed":{"minecraft:zombie":3},"minecraft:killed_by":{"minecraft:creeper":1,"minecraft:zombie":2},"minecraft:mined":{"minecraft:ice":8,"minecraft:spruce_log":2,"minecraft:pumpkin":15,"minecraft:grass_block":2,"minecraft:dirt":12,"minecraft:packed_ice":21,"minecraft:spruce_leaves":6,"minecraft:stone":50}},"DataVersion":2975}