{"stats":{"minecraft:dropped":{"minecraft:iron_ingot":1,"minecraft:dirt":11,"minecraft:stone_axe":2,"minecraft:stone_sword":1,"minecraft:spruce_planks":28,"minecraft:wooden_axe":2,"minecraft:crafting_table":1,"minecraft:cobblestone":6,"minecraft:rotten_flesh":2,"minecraft:pumpkin":19,"minecraft:wooden_pickaxe":2,"minecraft:stone_pickaxe":2,"minecraft:spruce_sapling":4,"minecraft:stick":9},"minecraft:crafted":{"minecraft:crafting_table":1,"minecraft:spruce_planks":8,"minecraft:stick":8,"minecraft:wooden_pickaxe":1,"minecraft:stone_pickaxe":1,"minecraft:stone_sword":1,"minecraft:spruce_boat":1,"minecraft:stone_axe":1},"minecraft:picked_up":{"minecraft:wooden_axe":2,"minecraft:stick":17,"minecraft:crafting_table":2,"minecraft:pumpkin":39,"minecraft:wooden_pickaxe":2,"minecraft:oak_log":3,"minecraft:spruce_sapling":9,"minecraft:spruce_log":2,"minecraft:dirt":25,"minecraft:stone_sword":1,"minecraft:rotten_flesh":5,"minecraft:stone_axe":2,"minecraft:spruce_boat":5,"minecraft:spruce_planks":64,"minecraft:iron_ingot":2,"minecraft:stone_pickaxe":2,"minecraft:snowball":55,"minecraft:cobblestone":16},"minecraft:custom":{"minecraft:time_since_rest":10572,"minecraft:sprint_one_cm":13455,"minecraft:damage_taken":1030,"minecraft:walk_one_cm":135952,"minecraft:mob_kills":4,"minecraft:drop":18,"minecraft:damage_dealt":828,"minecraft:swim_one_cm":1281,"minecraft:interact_with_crafting_table":3,"minecraft:fly_one_cm":106996,"minecraft:open_chest":2,"minecraft:crouch_one_cm":3783,"minecraft:play_time":40550,"minecraft:deaths":3,"minecraft:sneak_time":1661,"minecraft:walk_under_water_one_cm":8514,"minecraft:boat_one_cm":134766,"minecraft:jump":226,"minecraft:leave_game":4,"minecraft:time_since_death":10542,"minecraft:walk_on_water_one_cm":2015,"minecraft:total_world_time":40550,"minecraft:fall_one_cm":3073},"minecraft:used":{"minecraft:spruce_boat":6,"minecraft:stone_sword":17,"minecraft:stone_pickaxe":13,"minecraft:wooden_pickaxe":5,"minecraft:stone_axe":16,"minecraft:cobblestone":2,"minecraft:dirt":3,"minecraft:crafting_table":1},"minecraft:killed":{"minecraft:zombie":3},"minecraft:killed_by":{"minecraft:creeper":1,"minecraft:zombie":2},"minecraft:mined":{"minecraft:spruce_log":2,"minecraft:pumpkin":15,"minecraft:grass_block":2,"minecraft:dirt":12,"minecraft:packed_ice":1,"minecraft:spruce_leaves":6,"minecraft:stone":18}},"DataVersion":2975}