{"stats":{"minecraft:killed":{"minecraft:zombie_villager":1,"minecraft:iron_golem":1,"minecraft:skeleton":1,"minecraft:zombie":5,"minecraft:villager":1,"minecraft:enderman":1,"minecraft:cow":5},"minecraft:dropped":{"minecraft:iron_ingot":1,"minecraft:bread":7,"minecraft:stone_axe":2,"minecraft:stone_sword":1,"minecraft:bowl":1,"minecraft:crafting_table":1,"minecraft:raw_iron":2,"minecraft:cobblestone":6,"minecraft:rotten_flesh":2,"minecraft:golden_apple":1,"minecraft:stick":9,"minecraft:filled_map":2,"minecraft:dirt":11,"minecraft:leather_chestplate":1,"minecraft:shield":1,"minecraft:spruce_planks":28,"minecraft:wooden_axe":2,"minecraft:leather_leggings":1,"minecraft:pumpkin":19,"minecraft:wooden_pickaxe":2,"minecraft:stone_pickaxe":2,"minecraft:spruce_sapling":4},"minecraft:crafted":{"minecraft:cooked_beef":8,"minecraft:crafting_table":1,"minecraft:spruce_planks":8,"minecraft:wooden_pickaxe":1,"minecraft:baked_potato":6,"minecraft:furnace":1,"minecraft:stone_axe":1,"minecraft:bread":6,"minecraft:air":0,"minecraft:charcoal":3,"minecraft:shield":2,"minecraft:stick":8,"minecraft:stone_pickaxe":1,"minecraft:stone_sword":1,"minecraft:chest":1,"minecraft:spruce_boat":1,"minecraft:torch":4},"minecraft:picked_up":{"minecraft:wooden_axe":2,"minecraft:crafting_table":4,"minecraft:splash_potion":1,"minecraft:leather":6,"minecraft:wooden_pickaxe":2,"minecraft:filled_map":1,"minecraft:oak_log":3,"minecraft:dirt":47,"minecraft:cooked_salmon":2,"minecraft:bone":2,"minecraft:stone_bricks":2,"minecraft:bow":1,"minecraft:rabbit_hide":1,"minecraft:spruce_planks":64,"minecraft:heart_of_the_sea":1,"minecraft:iron_ingot":20,"minecraft:beef":11,"minecraft:stone_pickaxe":2,"minecraft:rabbit":1,"minecraft:sugar_cane":21,"minecraft:furnace":1,"minecraft:raw_iron":2,"minecraft:stick":20,"minecraft:pumpkin":39,"minecraft:torch":1,"minecraft:spruce_sapling":9,"minecraft:white_bed":3,"minecraft:grass_block":1,"minecraft:spruce_log":2,"minecraft:prismarine_crystals":7,"minecraft:tnt":6,"minecraft:stone_sword":1,"minecraft:rotten_flesh":11,"minecraft:cooked_cod":3,"minecraft:spruce_boat":14,"minecraft:stone_axe":2,"minecraft:golden_apple":1,"minecraft:bread":1,"minecraft:emerald":8,"minecraft:gold_ingot":6,"minecraft:iron_bars":2,"minecraft:coal":25,"minecraft:snowball":72,"minecraft:cobblestone":101,"minecraft:ender_pearl":1},"minecraft:custom":{"minecraft:interact_with_furnace":16,"minecraft:mob_kills":17,"minecraft:interact_with_crafting_table":10,"minecraft:leave_game":6,"minecraft:time_since_death":133265,"minecraft:sleep_in_bed":3,"minecraft:climb_one_cm":4119,"minecraft:time_since_rest":8303,"minecraft:sprint_one_cm":29929,"minecraft:damage_taken":2246,"minecraft:walk_one_cm":542826,"minecraft:damage_blocked_by_shield":200,"minecraft:drop":28,"minecraft:damage_dealt":3852,"minecraft:swim_one_cm":14714,"minecraft:talked_to_villager":4,"minecraft:fly_one_cm":374782,"minecraft:open_chest":14,"minecraft:crouch_one_cm":7072,"minecraft:play_time":163273,"minecraft:deaths":3,"minecraft:sneak_time":3443,"minecraft:walk_under_water_one_cm":18827,"minecraft:boat_one_cm":454660,"minecraft:jump":1013,"minecraft:interact_with_brewingstand":1,"minecraft:walk_on_water_one_cm":7944,"minecraft:total_world_time":163273,"minecraft:interact_with_smoker":2,"minecraft:fall_one_cm":11008},"minecraft:killed_by":{"minecraft:creeper":1,"minecraft:zombie":2},"minecraft:mined":{"minecraft:white_bed":2,"minecraft:crafting_table":2,"minecraft:grass_block":5,"minecraft:cobblestone":6,"minecraft:spruce_leaves":7,"minecraft:sugar_cane":5,"minecraft:furnace":1,"minecraft:ice":8,"minecraft:spruce_log":2,"minecraft:pumpkin":15,"minecraft:coal_ore":15,"minecraft:iron_bars":2,"minecraft:dirt":17,"minecraft:packed_ice":21,"minecraft:stone_bricks":2,"minecraft:stone":98},"minecraft:used":{"minecraft:stone_sword":43,"minecraft:stone_pickaxe":119,"minecraft:baked_potato":6,"minecraft:chest":1,"minecraft:wooden_pickaxe":5,"minecraft:shield":5,"minecraft:cooked_salmon":2,"minecraft:torch":2,"minecraft:dirt":9,"minecraft:crafting_table":3,"minecraft:white_bed":2,"minecraft:snowball":17,"minecraft:spruce_boat":14,"minecraft:bread":8,"minecraft:suspicious_stew":1,"minecraft:stone_axe":37,"minecraft:cobblestone":16,"minecraft:furnace":1,"minecraft:cooked_cod":3,"minecraft:cooked_beef":2}},"DataVersion":2975}