{"stats":{"minecraft:crafted":{"minecraft:oak_planks":24,"minecraft:crafting_table":1,"minecraft:stick":12,"minecraft:wooden_pickaxe":1},"minecraft:picked_up":{"minecraft:oak_log":6,"minecraft:cobblestone":3,"minecraft:egg":1},"minecraft:custom":{"minecraft:time_since_rest":6115,"minecraft:open_chest":8,"minecraft:crouch_one_cm":62,"minecraft:deaths":1,"minecraft:sprint_one_cm":248,"minecraft:play_time":54816,"minecraft:damage_taken":80,"minecraft:walk_one_cm":78044,"minecraft:sneak_time":1629,"minecraft:walk_under_water_one_cm":2474,"minecraft:jump":159,"minecraft:leave_game":7,"minecraft:walk_on_water_one_cm":739,"minecraft:time_since_death":17896,"minecraft:sleep_in_bed":1,"minecraft:total_world_time":54816,"minecraft:interact_with_crafting_table":2,"minecraft:talked_to_villager":2,"minecraft:fall_one_cm":2256,"minecraft:fly_one_cm":767027},"minecraft:used":{"minecraft:oak_leaves":26,"minecraft:crafting_table":1,"minecraft:wooden_pickaxe":3,"minecraft:egg":1},"minecraft:mined":{"minecraft:oak_log":6,"minecraft:stone":3,"minecraft:oak_leaves":1}},"DataVersion":2975}