{"stats":{"minecraft:broken":{"minecraft:iron_shovel":1,"minecraft:stone_pickaxe":1},"minecraft:used":{"minecraft:oak_fence":2,"minecraft:stone_sword":55,"minecraft:iron_shovel":426,"minecraft:chest":3,"minecraft:shield":7,"minecraft:iron_sword":26,"minecraft:bell":1,"minecraft:cooked_salmon":2,"minecraft:torch":9,"minecraft:dirt":260,"minecraft:snowball":17,"minecraft:spruce_boat":15,"minecraft:lava_bucket":9,"minecraft:iron_axe":67,"minecraft:oak_sapling":15,"minecraft:furnace":3,"minecraft:cooked_cod":3,"minecraft:egg":1,"minecraft:potato":20,"minecraft:cooked_beef":2,"minecraft:acacia_planks":5,"minecraft:pointed_dripstone":6,"minecraft:wheat_seeds":1,"minecraft:acacia_boat":1,"minecraft:water_bucket":16,"minecraft:spruce_door":1,"minecraft:stone_pickaxe":234,"minecraft:baked_potato":27,"minecraft:cauldron":1,"minecraft:sugar_cane":3,"minecraft:wooden_pickaxe":36,"minecraft:composter":17,"minecraft:fletching_table":6,"minecraft:cobblestone_slab":2,"minecraft:stonecutter":1,"minecraft:crafting_table":9,"minecraft:white_bed":5,"minecraft:dripstone_block":1,"minecraft:smoker":1,"minecraft:apple":1,"minecraft:iron_pickaxe":69,"minecraft:suspicious_stew":1,"minecraft:bread":12,"minecraft:stone_axe":52,"minecraft:cobblestone":19,"minecraft:smithing_table":2,"minecraft:bucket":27,"minecraft:yellow_bed":3,"minecraft:coarse_dirt":1},"minecraft:crafted":{"minecraft:oak_planks":52,"minecraft:cobblestone_slab":2,"minecraft:furnace":4,"minecraft:iron_boots":1,"minecraft:iron_axe":1,"minecraft:stone_pickaxe":6,"minecraft:chest":3,"minecraft:spruce_boat":1,"minecraft:oak_fence":3,"minecraft:smoker":1,"minecraft:cooked_beef":8,"minecraft:emerald":1,"minecraft:crafting_table":3,"minecraft:spruce_planks":8,"minecraft:iron_helmet":1,"minecraft:wooden_pickaxe":2,"minecraft:baked_potato":47,"minecraft:iron_sword":1,"minecraft:spruce_door":3,"minecraft:smithing_table":2,"minecraft:bucket":3,"minecraft:stone_axe":2,"minecraft:bread":6,"minecraft:acacia_boat":1,"minecraft:air":0,"minecraft:iron_chestplate":1,"minecraft:charcoal":3,"minecraft:shield":4,"minecraft:stick":80,"minecraft:iron_ingot":71,"minecraft:iron_pickaxe":2,"minecraft:stone_sword":2,"minecraft:iron_shovel":3,"minecraft:iron_leggings":1,"minecraft:acacia_planks":28,"minecraft:torch":16},"minecraft:custom":{"minecraft:mob_kills":34,"minecraft:interact_with_crafting_table":48,"minecraft:bell_ring":9,"minecraft:leave_game":24,"minecraft:time_since_death":118417,"minecraft:climb_one_cm":4119,"minecraft:sprint_one_cm":166596,"minecraft:walk_one_cm":1002313,"minecraft:damage_blocked_by_shield":280,"minecraft:drop":60,"minecraft:talked_to_villager":51,"minecraft:play_time":295300,"minecraft:sneak_time":6096,"minecraft:deaths":5,"minecraft:walk_under_water_one_cm":36240,"minecraft:boat_one_cm":528664,"minecraft:jump":2931,"minecraft:interact_with_brewingstand":1,"minecraft:walk_on_water_one_cm":24106,"minecraft:total_world_time":295300,"minecraft:interact_with_furnace":42,"minecraft:traded_with_villager":1,"minecraft:interact_with_stonecutter":2,"minecraft:sleep_in_bed":10,"minecraft:time_since_rest":45584,"minecraft:damage_taken":3731,"minecraft:damage_dealt":9829,"minecraft:swim_one_cm":35972,"minecraft:fly_one_cm":767006,"minecraft:open_chest":49,"minecraft:crouch_one_cm":16995,"minecraft:interact_with_smoker":15,"minecraft:fall_one_cm":50887,"minecraft:horse_one_cm":8223},"minecraft:mined":{"minecraft:white_bed":4,"minecraft:oak_sapling":3,"minecraft:acacia_log":7,"minecraft:grass_block":286,"minecraft:spruce_leaves":7,"minecraft:composter":20,"minecraft:furnace":3,"minecraft:iron_ore":48,"minecraft:pumpkin":15,"minecraft:fletching_table":6,"minecraft:bell":1,"minecraft:pointed_dripstone":1,"minecraft:water_cauldron":7,"minecraft:iron_bars":2,"minecraft:packed_ice":21,"minecraft:stone":165,"minecraft:crafting_table":6,"minecraft:torch":6,"minecraft:tall_grass":9,"minecraft:cobblestone":21,"minecraft:lapis_ore":5,"minecraft:sugar_cane":13,"minecraft:wall_torch":1,"minecraft:cauldron":1,"minecraft:coarse_dirt":1,"minecraft:wheat":1,"minecraft:ice":8,"minecraft:spruce_log":2,"minecraft:yellow_bed":3,"minecraft:grass":72,"minecraft:oak_log":17,"minecraft:coal_ore":44,"minecraft:dripstone_block":1,"minecraft:dirt":182,"minecraft:cracked_stone_bricks":5,"minecraft:acacia_planks":3,"minecraft:stonecutter":2,"minecraft:stone_bricks":8,"minecraft:mossy_stone_bricks":14,"minecraft:oak_leaves":10},"minecraft:killed":{"minecraft:skeleton":3,"minecraft:horse":1,"minecraft:drowned":1,"minecraft:zombie_villager":1,"minecraft:iron_golem":4,"minecraft:wandering_trader":1,"minecraft:sheep":4,"minecraft:zombie":9,"minecraft:villager":2,"minecraft:enderman":2,"minecraft:cow":5},"minecraft:dropped":{"minecraft:water_bucket":1,"minecraft:iron_ingot":9,"minecraft:bread":7,"minecraft:iron_sword":1,"minecraft:cooked_beef":3,"minecraft:baked_potato":8,"minecraft:crafting_table":1,"minecraft:feather":1,"minecraft:cobblestone":14,"minecraft:iron_helmet":1,"minecraft:spruce_door":1,"minecraft:golden_apple":1,"minecraft:stick":9,"minecraft:dirt":11,"minecraft:wooden_axe":2,"minecraft:iron_leggings":1,"minecraft:pumpkin":19,"minecraft:iron_axe":1,"minecraft:iron_pickaxe":1,"minecraft:iron_shovel":1,"minecraft:dandelion":2,"minecraft:spruce_sapling":4,"minecraft:bone":1,"minecraft:furnace":1,"minecraft:stone_axe":4,"minecraft:sugar_cane":1,"minecraft:stone_sword":1,"minecraft:wheat":7,"minecraft:raw_copper":11,"minecraft:bowl":1,"minecraft:raw_iron":2,"minecraft:rotten_flesh":2,"minecraft:iron_boots":1,"minecraft:filled_map":2,"minecraft:poppy":1,"minecraft:leather_chestplate":1,"minecraft:potato":5,"minecraft:shield":2,"minecraft:spruce_planks":28,"minecraft:iron_chestplate":1,"minecraft:leather_leggings":1,"minecraft:wooden_pickaxe":3,"minecraft:stone_pickaxe":5},"minecraft:killed_by":{"minecraft:creeper":1,"minecraft:drowned":1,"minecraft:zombie":2},"minecraft:picked_up":{"minecraft:wooden_axe":2,"minecraft:crafting_table":9,"minecraft:coarse_dirt":1,"minecraft:wheat":8,"minecraft:splash_potion":1,"minecraft:lead":1,"minecraft:wooden_pickaxe":4,"minecraft:amethyst_block":10,"minecraft:raw_copper":11,"minecraft:cooked_salmon":2,"minecraft:cracked_stone_bricks":2,"minecraft:spruce_planks":64,"minecraft:beef":11,"minecraft:poppy":5,"minecraft:sugar_cane":31,"minecraft:furnace":2,"minecraft:egg":1,"minecraft:stick":30,"minecraft:raw_iron":55,"minecraft:composter":20,"minecraft:torch":8,"minecraft:acacia_log":7,"minecraft:pointed_dripstone":6,"minecraft:prismarine_crystals":7,"minecraft:cauldron":7,"minecraft:tnt":6,"minecraft:stone_sword":3,"minecraft:arrow":2,"minecraft:rotten_flesh":11,"minecraft:cooked_cod":3,"minecraft:gold_ingot":6,"minecraft:mutton":6,"minecraft:iron_bars":2,"minecraft:snowball":72,"minecraft:white_wool":3,"minecraft:cobblestone":190,"minecraft:feather":1,"minecraft:brown_wool":1,"minecraft:leather":8,"minecraft:potato":21,"minecraft:filled_map":1,"minecraft:oak_log":20,"minecraft:yellow_bed":3,"minecraft:acacia_boat":1,"minecraft:lapis_lazuli":96,"minecraft:dirt":481,"minecraft:bone":6,"minecraft:acacia_planks":18,"minecraft:apple":3,"minecraft:stone_bricks":2,"minecraft:bow":1,"minecraft:stonecutter":2,"minecraft:wheat_seeds":23,"minecraft:bell":1,"minecraft:rabbit_hide":1,"minecraft:heart_of_the_sea":1,"minecraft:iron_ingot":32,"minecraft:stone_pickaxe":5,"minecraft:mossy_stone_bricks":4,"minecraft:rabbit":1,"minecraft:fletching_table":6,"minecraft:cooked_porkchop":10,"minecraft:pumpkin":39,"minecraft:dandelion":2,"minecraft:dripstone_block":1,"minecraft:amethyst_shard":8,"minecraft:spruce_sapling":9,"minecraft:grass_block":1,"minecraft:white_bed":6,"minecraft:spruce_log":2,"minecraft:spruce_boat":15,"minecraft:stone_axe":5,"minecraft:bread":1,"minecraft:golden_apple":1,"minecraft:emerald":9,"minecraft:oak_sapling":14,"minecraft:coal":67,"minecraft:ender_pearl":1}},"DataVersion":2975}