{"stats":{"minecraft:picked_up":{"minecraft:wooden_axe":2,"minecraft:crafting_table":2,"minecraft:wooden_pickaxe":2,"minecraft:filled_map":1,"minecraft:oak_log":3,"minecraft:dirt":25,"minecraft:bone":2,"minecraft:spruce_planks":64,"minecraft:iron_ingot":3,"minecraft:stone_pickaxe":2,"minecraft:sugar_cane":4,"minecraft:stick":17,"minecraft:pumpkin":39,"minecraft:spruce_sapling":9,"minecraft:spruce_log":2,"minecraft:stone_sword":1,"minecraft:rotten_flesh":10,"minecraft:spruce_boat":8,"minecraft:stone_axe":2,"minecraft:bread":1,"minecraft:snowball":55,"minecraft:cobblestone":93},"minecraft:used":{"minecraft:stone_sword":28,"minecraft:stone_pickaxe":93,"minecraft:baked_potato":5,"minecraft:wooden_pickaxe":5,"minecraft:shield":3,"minecraft:dirt":3,"minecraft:crafting_table":2,"minecraft:spruce_boat":8,"minecraft:bread":4,"minecraft:stone_axe":16,"minecraft:cobblestone":3,"minecraft:furnace":1},"minecraft:crafted":{"minecraft:crafting_table":1,"minecraft:spruce_planks":8,"minecraft:wooden_pickaxe":1,"minecraft:baked_potato":6,"minecraft:furnace":1,"minecraft:stone_axe":1,"minecraft:bread":6,"minecraft:air":0,"minecraft:charcoal":3,"minecraft:shield":2,"minecraft:stick":8,"minecraft:stone_pickaxe":1,"minecraft:stone_sword":1,"minecraft:spruce_boat":1},"minecraft:killed_by":{"minecraft:creeper":1,"minecraft:zombie":2},"minecraft:killed":{"minecraft:skeleton":1,"minecraft:zombie":5},"minecraft:custom":{"minecraft:interact_with_furnace":6,"minecraft:mob_kills":7,"minecraft:interact_with_crafting_table":7,"minecraft:leave_game":4,"minecraft:time_since_death":33539,"minecraft:time_since_rest":33569,"minecraft:sprint_one_cm":15385,"minecraft:damage_taken":1525,"minecraft:walk_one_cm":205899,"minecraft:damage_blocked_by_shield":120,"minecraft:drop":23,"minecraft:damage_dealt":1382,"minecraft:swim_one_cm":11625,"minecraft:fly_one_cm":113156,"minecraft:open_chest":4,"minecraft:crouch_one_cm":4120,"minecraft:play_time":63547,"minecraft:deaths":3,"minecraft:sneak_time":2174,"minecraft:walk_under_water_one_cm":16740,"minecraft:boat_one_cm":206432,"minecraft:jump":329,"minecraft:walk_on_water_one_cm":7137,"minecraft:total_world_time":63547,"minecraft:fall_one_cm":3884},"minecraft:dropped":{"minecraft:iron_ingot":1,"minecraft:bread":3,"minecraft:stone_axe":2,"minecraft:stone_sword":1,"minecraft:crafting_table":1,"minecraft:cobblestone":6,"minecraft:rotten_flesh":2,"minecraft:stick":9,"minecraft:filled_map":1,"minecraft:dirt":11,"minecraft:leather_chestplate":1,"minecraft:shield":1,"minecraft:spruce_planks":28,"minecraft:wooden_axe":2,"minecraft:leather_leggings":1,"minecraft:pumpkin":19,"minecraft:wooden_pickaxe":2,"minecraft:stone_pickaxe":2,"minecraft:spruce_sapling":4},"minecraft:mined":{"minecraft:grass_block":2,"minecraft:spruce_leaves":6,"minecraft:sugar_cane":1,"minecraft:ice":8,"minecraft:spruce_log":2,"minecraft:pumpkin":15,"minecraft:dirt":12,"minecraft:packed_ice":21,"minecraft:stone":98}},"DataVersion":2975}