{"stats":{"minecraft:picked_up":{"minecraft:wooden_axe":2,"minecraft:crafting_table":2,"minecraft:wooden_pickaxe":2,"minecraft:filled_map":1,"minecraft:oak_log":3,"minecraft:dirt":25,"minecraft:cooked_salmon":2,"minecraft:bone":2,"minecraft:spruce_planks":64,"minecraft:heart_of_the_sea":1,"minecraft:iron_ingot":13,"minecraft:stone_pickaxe":2,"minecraft:sugar_cane":4,"minecraft:stick":17,"minecraft:pumpkin":39,"minecraft:spruce_sapling":9,"minecraft:spruce_log":2,"minecraft:prismarine_crystals":7,"minecraft:tnt":6,"minecraft:stone_sword":1,"minecraft:rotten_flesh":10,"minecraft:cooked_cod":3,"minecraft:spruce_boat":8,"minecraft:stone_axe":2,"minecraft:emerald":8,"minecraft:bread":1,"minecraft:gold_ingot":6,"minecraft:snowball":55,"minecraft:cobblestone":93},"minecraft:used":{"minecraft:stone_sword":28,"minecraft:stone_pickaxe":93,"minecraft:baked_potato":6,"minecraft:wooden_pickaxe":5,"minecraft:shield":3,"minecraft:dirt":3,"minecraft:crafting_table":2,"minecraft:spruce_boat":8,"minecraft:bread":4,"minecraft:stone_axe":16,"minecraft:cobblestone":6,"minecraft:furnace":1},"minecraft:crafted":{"minecraft:crafting_table":1,"minecraft:spruce_planks":8,"minecraft:wooden_pickaxe":1,"minecraft:baked_potato":6,"minecraft:furnace":1,"minecraft:stone_axe":1,"minecraft:bread":6,"minecraft:air":0,"minecraft:charcoal":3,"minecraft:shield":2,"minecraft:stick":8,"minecraft:stone_pickaxe":1,"minecraft:stone_sword":1,"minecraft:spruce_boat":1},"minecraft:killed_by":{"minecraft:creeper":1,"minecraft:zombie":2},"minecraft:killed":{"minecraft:skeleton":1,"minecraft:zombie":5},"minecraft:custom":{"minecraft:interact_with_furnace":9,"minecraft:mob_kills":7,"minecraft:interact_with_crafting_table":8,"minecraft:leave_game":5,"minecraft:time_since_death":69006,"minecraft:time_since_rest":69036,"minecraft:sprint_one_cm":16339,"minecraft:damage_taken":1575,"minecraft:walk_one_cm":218927,"minecraft:damage_blocked_by_shield":120,"minecraft:drop":23,"minecraft:damage_dealt":1382,"minecraft:swim_one_cm":11625,"minecraft:fly_one_cm":295012,"minecraft:open_chest":4,"minecraft:crouch_one_cm":4240,"minecraft:play_time":99014,"minecraft:deaths":3,"minecraft:sneak_time":2344,"minecraft:walk_under_water_one_cm":16740,"minecraft:boat_one_cm":206432,"minecraft:jump":359,"minecraft:walk_on_water_one_cm":7137,"minecraft:total_world_time":99014,"minecraft:fall_one_cm":4093},"minecraft:dropped":{"minecraft:iron_ingot":1,"minecraft:bread":3,"minecraft:stone_axe":2,"minecraft:stone_sword":1,"minecraft:crafting_table":1,"minecraft:cobblestone":6,"minecraft:rotten_flesh":2,"minecraft:stick":9,"minecraft:filled_map":1,"minecraft:dirt":11,"minecraft:leather_chestplate":1,"minecraft:shield":1,"minecraft:spruce_planks":28,"minecraft:wooden_axe":2,"minecraft:leather_leggings":1,"minecraft:pumpkin":19,"minecraft:wooden_pickaxe":2,"minecraft:stone_pickaxe":2,"minecraft:spruce_sapling":4},"minecraft:mined":{"minecraft:grass_block":2,"minecraft:spruce_leaves":6,"minecraft:sugar_cane":1,"minecraft:ice":8,"minecraft:spruce_log":2,"minecraft:pumpkin":15,"minecraft:dirt":12,"minecraft:packed_ice":21,"minecraft:stone":98}},"DataVersion":2975}