{"stats":{"minecraft:mined":{"minecraft:white_bed":2,"minecraft:acacia_log":7,"minecraft:grass_block":181,"minecraft:spruce_leaves":7,"minecraft:furnace":1,"minecraft:pumpkin":15,"minecraft:iron_bars":2,"minecraft:packed_ice":21,"minecraft:stone":125,"minecraft:crafting_table":4,"minecraft:cobblestone":6,"minecraft:tall_grass":8,"minecraft:sugar_cane":7,"minecraft:coarse_dirt":1,"minecraft:ice":8,"minecraft:spruce_log":2,"minecraft:grass":35,"minecraft:coal_ore":15,"minecraft:dirt":116,"minecraft:cracked_stone_bricks":5,"minecraft:acacia_planks":3,"minecraft:stone_bricks":8,"minecraft:mossy_stone_bricks":14,"minecraft:oak_leaves":1},"minecraft:killed":{"minecraft:skeleton":1,"minecraft:drowned":1,"minecraft:zombie_villager":1,"minecraft:iron_golem":2,"minecraft:zombie":5,"minecraft:villager":2,"minecraft:enderman":2,"minecraft:cow":5},"minecraft:used":{"minecraft:stone_sword":55,"minecraft:iron_shovel":270,"minecraft:chest":1,"minecraft:shield":5,"minecraft:cooked_salmon":2,"minecraft:torch":2,"minecraft:dirt":17,"minecraft:snowball":17,"minecraft:spruce_boat":15,"minecraft:furnace":1,"minecraft:cooked_cod":3,"minecraft:cooked_beef":2,"minecraft:potato":20,"minecraft:acacia_planks":5,"minecraft:wheat_seeds":1,"minecraft:spruce_door":1,"minecraft:stone_pickaxe":144,"minecraft:baked_potato":6,"minecraft:wooden_pickaxe":36,"minecraft:sugar_cane":3,"minecraft:crafting_table":6,"minecraft:white_bed":2,"minecraft:bread":10,"minecraft:suspicious_stew":1,"minecraft:stone_axe":52,"minecraft:cobblestone":17,"minecraft:coarse_dirt":1},"minecraft:dropped":{"minecraft:iron_ingot":1,"minecraft:bread":7,"minecraft:cooked_beef":3,"minecraft:crafting_table":1,"minecraft:cobblestone":6,"minecraft:spruce_door":1,"minecraft:golden_apple":1,"minecraft:stick":9,"minecraft:dirt":11,"minecraft:wooden_axe":2,"minecraft:pumpkin":19,"minecraft:iron_shovel":1,"minecraft:spruce_sapling":4,"minecraft:bone":1,"minecraft:stone_axe":2,"minecraft:stone_sword":1,"minecraft:bowl":1,"minecraft:raw_iron":2,"minecraft:rotten_flesh":2,"minecraft:filled_map":2,"minecraft:leather_chestplate":1,"minecraft:shield":1,"minecraft:spruce_planks":28,"minecraft:leather_leggings":1,"minecraft:wooden_pickaxe":2,"minecraft:stone_pickaxe":2},"minecraft:broken":{"minecraft:iron_shovel":1,"minecraft:stone_pickaxe":1},"minecraft:picked_up":{"minecraft:wooden_axe":2,"minecraft:crafting_table":7,"minecraft:coarse_dirt":1,"minecraft:splash_potion":1,"minecraft:wooden_pickaxe":3,"minecraft:cooked_salmon":2,"minecraft:cracked_stone_bricks":2,"minecraft:spruce_planks":64,"minecraft:beef":11,"minecraft:poppy":2,"minecraft:sugar_cane":24,"minecraft:egg":1,"minecraft:furnace":1,"minecraft:stick":23,"minecraft:raw_iron":2,"minecraft:torch":1,"minecraft:acacia_log":7,"minecraft:prismarine_crystals":7,"minecraft:tnt":6,"minecraft:cooked_cod":3,"minecraft:stone_sword":2,"minecraft:rotten_flesh":11,"minecraft:gold_ingot":6,"minecraft:iron_bars":2,"minecraft:snowball":72,"minecraft:cobblestone":143,"minecraft:leather":6,"minecraft:filled_map":1,"minecraft:oak_log":3,"minecraft:dirt":310,"minecraft:bone":3,"minecraft:acacia_planks":18,"minecraft:stone_bricks":2,"minecraft:bow":1,"minecraft:wheat_seeds":9,"minecraft:stone_pickaxe":4,"minecraft:rabbit_hide":1,"minecraft:heart_of_the_sea":1,"minecraft:iron_ingot":24,"minecraft:mossy_stone_bricks":4,"minecraft:rabbit":1,"minecraft:pumpkin":39,"minecraft:spruce_sapling":9,"minecraft:grass_block":1,"minecraft:white_bed":3,"minecraft:spruce_log":2,"minecraft:spruce_boat":15,"minecraft:stone_axe":3,"minecraft:golden_apple":1,"minecraft:emerald":8,"minecraft:bread":1,"minecraft:coal":25,"minecraft:ender_pearl":1},"minecraft:killed_by":{"minecraft:creeper":1,"minecraft:drowned":1,"minecraft:zombie":2},"minecraft:crafted":{"minecraft:furnace":1,"minecraft:stone_pickaxe":3,"minecraft:chest":1,"minecraft:spruce_boat":1,"minecraft:cooked_beef":8,"minecraft:crafting_table":2,"minecraft:spruce_planks":8,"minecraft:baked_potato":6,"minecraft:wooden_pickaxe":2,"minecraft:spruce_door":3,"minecraft:stone_axe":2,"minecraft:bread":6,"minecraft:air":0,"minecraft:charcoal":3,"minecraft:shield":2,"minecraft:stick":32,"minecraft:stone_sword":2,"minecraft:iron_shovel":3,"minecraft:acacia_planks":28,"minecraft:torch":4},"minecraft:custom":{"minecraft:mob_kills":20,"minecraft:interact_with_crafting_table":23,"minecraft:leave_game":8,"minecraft:time_since_death":27025,"minecraft:climb_one_cm":4119,"minecraft:sprint_one_cm":58655,"minecraft:walk_one_cm":727665,"minecraft:damage_blocked_by_shield":200,"minecraft:drop":34,"minecraft:talked_to_villager":22,"minecraft:play_time":203908,"minecraft:deaths":5,"minecraft:sneak_time":3750,"minecraft:walk_under_water_one_cm":22416,"minecraft:boat_one_cm":477971,"minecraft:jump":1391,"minecraft:interact_with_brewingstand":1,"minecraft:walk_on_water_one_cm":10033,"minecraft:total_world_time":203908,"minecraft:interact_with_furnace":16,"minecraft:interact_with_stonecutter":1,"minecraft:sleep_in_bed":6,"minecraft:time_since_rest":5519,"minecraft:damage_taken":2885,"minecraft:damage_dealt":5829,"minecraft:swim_one_cm":26690,"minecraft:fly_one_cm":451262,"minecraft:open_chest":24,"minecraft:crouch_one_cm":8673,"minecraft:interact_with_smoker":3,"minecraft:fall_one_cm":17020}},"DataVersion":2975}