{"stats":{"minecraft:killed":{"minecraft:zombie_villager":1,"minecraft:iron_golem":1,"minecraft:skeleton":1,"minecraft:zombie":5,"minecraft:drowned":1,"minecraft:villager":1,"minecraft:enderman":2,"minecraft:cow":5},"minecraft:dropped":{"minecraft:iron_ingot":1,"minecraft:bread":7,"minecraft:stone_axe":2,"minecraft:cooked_beef":3,"minecraft:stone_sword":1,"minecraft:bowl":1,"minecraft:crafting_table":1,"minecraft:raw_iron":2,"minecraft:cobblestone":6,"minecraft:rotten_flesh":2,"minecraft:spruce_door":1,"minecraft:golden_apple":1,"minecraft:stick":9,"minecraft:filled_map":2,"minecraft:dirt":11,"minecraft:leather_chestplate":1,"minecraft:shield":1,"minecraft:spruce_planks":28,"minecraft:wooden_axe":2,"minecraft:leather_leggings":1,"minecraft:pumpkin":19,"minecraft:wooden_pickaxe":2,"minecraft:stone_pickaxe":2,"minecraft:spruce_sapling":4},"minecraft:crafted":{"minecraft:cooked_beef":8,"minecraft:crafting_table":2,"minecraft:spruce_planks":8,"minecraft:wooden_pickaxe":2,"minecraft:baked_potato":6,"minecraft:spruce_door":3,"minecraft:furnace":1,"minecraft:stone_axe":1,"minecraft:bread":6,"minecraft:air":0,"minecraft:charcoal":3,"minecraft:shield":2,"minecraft:stick":16,"minecraft:stone_pickaxe":1,"minecraft:stone_sword":1,"minecraft:chest":1,"minecraft:spruce_boat":1,"minecraft:acacia_planks":28,"minecraft:torch":4},"minecraft:picked_up":{"minecraft:wooden_axe":2,"minecraft:coarse_dirt":1,"minecraft:crafting_table":5,"minecraft:splash_potion":1,"minecraft:leather":6,"minecraft:wooden_pickaxe":2,"minecraft:filled_map":1,"minecraft:oak_log":3,"minecraft:dirt":54,"minecraft:cooked_salmon":2,"minecraft:bone":2,"minecraft:stone_bricks":2,"minecraft:cracked_stone_bricks":2,"minecraft:bow":1,"minecraft:rabbit_hide":1,"minecraft:spruce_planks":64,"minecraft:heart_of_the_sea":1,"minecraft:iron_ingot":20,"minecraft:beef":11,"minecraft:stone_pickaxe":2,"minecraft:mossy_stone_bricks":4,"minecraft:rabbit":1,"minecraft:sugar_cane":21,"minecraft:furnace":1,"minecraft:raw_iron":2,"minecraft:stick":20,"minecraft:pumpkin":39,"minecraft:torch":1,"minecraft:acacia_log":7,"minecraft:spruce_sapling":9,"minecraft:white_bed":3,"minecraft:grass_block":1,"minecraft:spruce_log":2,"minecraft:prismarine_crystals":7,"minecraft:tnt":6,"minecraft:stone_sword":1,"minecraft:rotten_flesh":11,"minecraft:cooked_cod":3,"minecraft:spruce_boat":15,"minecraft:stone_axe":2,"minecraft:golden_apple":1,"minecraft:bread":1,"minecraft:emerald":8,"minecraft:gold_ingot":6,"minecraft:iron_bars":2,"minecraft:coal":25,"minecraft:snowball":72,"minecraft:cobblestone":122,"minecraft:ender_pearl":1},"minecraft:broken":{"minecraft:stone_pickaxe":1},"minecraft:custom":{"minecraft:interact_with_furnace":16,"minecraft:mob_kills":18,"minecraft:interact_with_crafting_table":12,"minecraft:leave_game":6,"minecraft:time_since_death":6887,"minecraft:sleep_in_bed":3,"minecraft:climb_one_cm":4119,"minecraft:time_since_rest":6926,"minecraft:sprint_one_cm":37927,"minecraft:damage_taken":2721,"minecraft:walk_one_cm":584717,"minecraft:damage_blocked_by_shield":200,"minecraft:drop":32,"minecraft:damage_dealt":4619,"minecraft:swim_one_cm":25618,"minecraft:talked_to_villager":4,"minecraft:fly_one_cm":384567,"minecraft:open_chest":14,"minecraft:crouch_one_cm":8673,"minecraft:play_time":175273,"minecraft:deaths":4,"minecraft:sneak_time":3749,"minecraft:walk_under_water_one_cm":22358,"minecraft:boat_one_cm":477971,"minecraft:jump":1123,"minecraft:interact_with_brewingstand":1,"minecraft:walk_on_water_one_cm":9244,"minecraft:total_world_time":175273,"minecraft:interact_with_smoker":2,"minecraft:fall_one_cm":13185},"minecraft:killed_by":{"minecraft:creeper":1,"minecraft:zombie":2,"minecraft:drowned":1},"minecraft:mined":{"minecraft:white_bed":2,"minecraft:crafting_table":3,"minecraft:acacia_log":7,"minecraft:grass_block":7,"minecraft:cobblestone":6,"minecraft:spruce_leaves":7,"minecraft:sugar_cane":5,"minecraft:coarse_dirt":1,"minecraft:furnace":1,"minecraft:ice":8,"minecraft:spruce_log":2,"minecraft:pumpkin":15,"minecraft:grass":2,"minecraft:coal_ore":15,"minecraft:iron_bars":2,"minecraft:dirt":22,"minecraft:packed_ice":21,"minecraft:cracked_stone_bricks":5,"minecraft:stone_bricks":8,"minecraft:stone":121,"minecraft:mossy_stone_bricks":14},"minecraft:used":{"minecraft:stone_sword":55,"minecraft:spruce_door":1,"minecraft:stone_pickaxe":144,"minecraft:baked_potato":6,"minecraft:chest":1,"minecraft:wooden_pickaxe":32,"minecraft:shield":5,"minecraft:cooked_salmon":2,"minecraft:torch":2,"minecraft:dirt":13,"minecraft:crafting_table":5,"minecraft:white_bed":2,"minecraft:snowball":17,"minecraft:spruce_boat":15,"minecraft:bread":8,"minecraft:suspicious_stew":1,"minecraft:stone_axe":38,"minecraft:cobblestone":16,"minecraft:furnace":1,"minecraft:cooked_cod":3,"minecraft:cooked_beef":2}},"DataVersion":2975}