{"stats":{"minecraft:broken":{"minecraft:iron_shovel":1,"minecraft:stone_pickaxe":1},"minecraft:used":{"minecraft:oak_fence":2,"minecraft:stone_sword":55,"minecraft:iron_shovel":426,"minecraft:chest":3,"minecraft:shield":5,"minecraft:iron_sword":10,"minecraft:bell":1,"minecraft:cooked_salmon":2,"minecraft:torch":6,"minecraft:dirt":229,"minecraft:snowball":17,"minecraft:spruce_boat":15,"minecraft:iron_axe":66,"minecraft:oak_sapling":15,"minecraft:furnace":2,"minecraft:cooked_cod":3,"minecraft:egg":1,"minecraft:cooked_beef":2,"minecraft:potato":20,"minecraft:acacia_planks":5,"minecraft:wheat_seeds":1,"minecraft:acacia_boat":1,"minecraft:spruce_door":1,"minecraft:stone_pickaxe":204,"minecraft:baked_potato":14,"minecraft:cauldron":1,"minecraft:wooden_pickaxe":36,"minecraft:composter":17,"minecraft:cobblestone_slab":2,"minecraft:stonecutter":1,"minecraft:sugar_cane":3,"minecraft:fletching_table":6,"minecraft:crafting_table":8,"minecraft:white_bed":5,"minecraft:smoker":1,"minecraft:apple":1,"minecraft:iron_pickaxe":26,"minecraft:bread":12,"minecraft:suspicious_stew":1,"minecraft:stone_axe":52,"minecraft:cobblestone":18,"minecraft:smithing_table":2,"minecraft:yellow_bed":3,"minecraft:coarse_dirt":1},"minecraft:crafted":{"minecraft:oak_planks":52,"minecraft:cobblestone_slab":2,"minecraft:furnace":3,"minecraft:stone_pickaxe":6,"minecraft:chest":3,"minecraft:spruce_boat":1,"minecraft:oak_fence":3,"minecraft:smoker":1,"minecraft:cooked_beef":8,"minecraft:emerald":1,"minecraft:crafting_table":3,"minecraft:spruce_planks":8,"minecraft:wooden_pickaxe":2,"minecraft:baked_potato":27,"minecraft:spruce_door":3,"minecraft:smithing_table":2,"minecraft:stone_axe":2,"minecraft:bread":6,"minecraft:acacia_boat":1,"minecraft:air":0,"minecraft:charcoal":3,"minecraft:shield":4,"minecraft:stick":80,"minecraft:iron_pickaxe":1,"minecraft:stone_sword":2,"minecraft:iron_shovel":3,"minecraft:acacia_planks":28,"minecraft:torch":16},"minecraft:custom":{"minecraft:mob_kills":29,"minecraft:interact_with_crafting_table":40,"minecraft:bell_ring":9,"minecraft:leave_game":20,"minecraft:time_since_death":95621,"minecraft:climb_one_cm":4119,"minecraft:sprint_one_cm":153927,"minecraft:walk_one_cm":955685,"minecraft:damage_blocked_by_shield":200,"minecraft:drop":40,"minecraft:talked_to_villager":51,"minecraft:play_time":272504,"minecraft:sneak_time":4741,"minecraft:deaths":5,"minecraft:walk_under_water_one_cm":30105,"minecraft:boat_one_cm":528664,"minecraft:jump":2628,"minecraft:interact_with_brewingstand":1,"minecraft:walk_on_water_one_cm":17245,"minecraft:total_world_time":272504,"minecraft:interact_with_furnace":20,"minecraft:traded_with_villager":1,"minecraft:interact_with_stonecutter":2,"minecraft:sleep_in_bed":10,"minecraft:time_since_rest":22788,"minecraft:damage_taken":3018,"minecraft:damage_dealt":8922,"minecraft:swim_one_cm":34336,"minecraft:fly_one_cm":741045,"minecraft:open_chest":49,"minecraft:crouch_one_cm":13853,"minecraft:interact_with_smoker":15,"minecraft:fall_one_cm":39302,"minecraft:horse_one_cm":8223},"minecraft:mined":{"minecraft:white_bed":4,"minecraft:oak_sapling":3,"minecraft:acacia_log":7,"minecraft:grass_block":286,"minecraft:spruce_leaves":7,"minecraft:composter":20,"minecraft:furnace":1,"minecraft:iron_ore":37,"minecraft:pumpkin":15,"minecraft:fletching_table":6,"minecraft:bell":1,"minecraft:pointed_dripstone":1,"minecraft:water_cauldron":7,"minecraft:iron_bars":2,"minecraft:packed_ice":21,"minecraft:stone":143,"minecraft:crafting_table":5,"minecraft:torch":4,"minecraft:cobblestone":6,"minecraft:tall_grass":9,"minecraft:sugar_cane":13,"minecraft:cauldron":1,"minecraft:coarse_dirt":1,"minecraft:wheat":1,"minecraft:ice":8,"minecraft:spruce_log":2,"minecraft:yellow_bed":3,"minecraft:grass":70,"minecraft:oak_log":17,"minecraft:coal_ore":30,"minecraft:dripstone_block":1,"minecraft:dirt":172,"minecraft:cracked_stone_bricks":5,"minecraft:acacia_planks":3,"minecraft:stonecutter":2,"minecraft:stone_bricks":8,"minecraft:mossy_stone_bricks":14,"minecraft:oak_leaves":10},"minecraft:killed":{"minecraft:skeleton":1,"minecraft:horse":1,"minecraft:drowned":1,"minecraft:zombie_villager":1,"minecraft:iron_golem":4,"minecraft:wandering_trader":1,"minecraft:sheep":4,"minecraft:zombie":6,"minecraft:villager":2,"minecraft:enderman":2,"minecraft:cow":5},"minecraft:dropped":{"minecraft:iron_ingot":1,"minecraft:bread":7,"minecraft:cooked_beef":3,"minecraft:baked_potato":8,"minecraft:crafting_table":1,"minecraft:cobblestone":6,"minecraft:spruce_door":1,"minecraft:golden_apple":1,"minecraft:stick":9,"minecraft:dirt":11,"minecraft:wooden_axe":2,"minecraft:pumpkin":19,"minecraft:iron_shovel":1,"minecraft:spruce_sapling":4,"minecraft:bone":1,"minecraft:stone_axe":2,"minecraft:stone_sword":1,"minecraft:bowl":1,"minecraft:raw_iron":2,"minecraft:rotten_flesh":2,"minecraft:filled_map":2,"minecraft:poppy":1,"minecraft:leather_chestplate":1,"minecraft:potato":5,"minecraft:shield":2,"minecraft:spruce_planks":28,"minecraft:leather_leggings":1,"minecraft:wooden_pickaxe":2,"minecraft:stone_pickaxe":4},"minecraft:killed_by":{"minecraft:creeper":1,"minecraft:drowned":1,"minecraft:zombie":2},"minecraft:picked_up":{"minecraft:wooden_axe":2,"minecraft:crafting_table":8,"minecraft:coarse_dirt":1,"minecraft:wheat":1,"minecraft:splash_potion":1,"minecraft:lead":1,"minecraft:wooden_pickaxe":3,"minecraft:cooked_salmon":2,"minecraft:cracked_stone_bricks":2,"minecraft:spruce_planks":64,"minecraft:beef":11,"minecraft:poppy":5,"minecraft:sugar_cane":31,"minecraft:furnace":1,"minecraft:egg":1,"minecraft:stick":30,"minecraft:raw_iron":44,"minecraft:composter":20,"minecraft:torch":5,"minecraft:acacia_log":7,"minecraft:pointed_dripstone":6,"minecraft:prismarine_crystals":7,"minecraft:cauldron":7,"minecraft:tnt":6,"minecraft:stone_sword":2,"minecraft:rotten_flesh":11,"minecraft:cooked_cod":3,"minecraft:gold_ingot":6,"minecraft:mutton":6,"minecraft:iron_bars":2,"minecraft:snowball":72,"minecraft:white_wool":3,"minecraft:cobblestone":165,"minecraft:brown_wool":1,"minecraft:leather":8,"minecraft:potato":21,"minecraft:filled_map":1,"minecraft:oak_log":20,"minecraft:yellow_bed":3,"minecraft:acacia_boat":1,"minecraft:dirt":473,"minecraft:bone":3,"minecraft:acacia_planks":18,"minecraft:apple":2,"minecraft:stone_bricks":2,"minecraft:stonecutter":2,"minecraft:bow":1,"minecraft:wheat_seeds":23,"minecraft:stone_pickaxe":5,"minecraft:bell":1,"minecraft:rabbit_hide":1,"minecraft:heart_of_the_sea":1,"minecraft:iron_ingot":32,"minecraft:rabbit":1,"minecraft:mossy_stone_bricks":4,"minecraft:fletching_table":6,"minecraft:pumpkin":39,"minecraft:dripstone_block":1,"minecraft:spruce_sapling":9,"minecraft:grass_block":1,"minecraft:white_bed":6,"minecraft:spruce_log":2,"minecraft:spruce_boat":15,"minecraft:stone_axe":3,"minecraft:emerald":9,"minecraft:golden_apple":1,"minecraft:bread":1,"minecraft:oak_sapling":14,"minecraft:coal":40,"minecraft:ender_pearl":1}},"DataVersion":2975}