{"stats":{"minecraft:picked_up":{"minecraft:wooden_axe":2,"minecraft:crafting_table":3,"minecraft:wooden_pickaxe":2,"minecraft:filled_map":1,"minecraft:oak_log":3,"minecraft:dirt":34,"minecraft:cooked_salmon":2,"minecraft:bone":2,"minecraft:spruce_planks":64,"minecraft:heart_of_the_sea":1,"minecraft:iron_ingot":13,"minecraft:stone_pickaxe":2,"minecraft:sugar_cane":14,"minecraft:furnace":1,"minecraft:stick":17,"minecraft:pumpkin":39,"minecraft:spruce_sapling":9,"minecraft:grass_block":1,"minecraft:spruce_log":2,"minecraft:prismarine_crystals":7,"minecraft:tnt":6,"minecraft:stone_sword":1,"minecraft:rotten_flesh":10,"minecraft:cooked_cod":3,"minecraft:spruce_boat":10,"minecraft:stone_axe":2,"minecraft:emerald":8,"minecraft:bread":1,"minecraft:gold_ingot":6,"minecraft:snowball":72,"minecraft:cobblestone":94,"minecraft:ender_pearl":1},"minecraft:used":{"minecraft:stone_sword":33,"minecraft:stone_pickaxe":94,"minecraft:baked_potato":6,"minecraft:wooden_pickaxe":5,"minecraft:shield":3,"minecraft:cooked_salmon":2,"minecraft:dirt":3,"minecraft:crafting_table":2,"minecraft:snowball":17,"minecraft:spruce_boat":10,"minecraft:bread":4,"minecraft:suspicious_stew":1,"minecraft:stone_axe":22,"minecraft:cobblestone":6,"minecraft:furnace":1,"minecraft:cooked_cod":3},"minecraft:crafted":{"minecraft:crafting_table":1,"minecraft:spruce_planks":8,"minecraft:wooden_pickaxe":1,"minecraft:baked_potato":6,"minecraft:furnace":1,"minecraft:stone_axe":1,"minecraft:bread":6,"minecraft:air":0,"minecraft:charcoal":3,"minecraft:shield":2,"minecraft:stick":8,"minecraft:stone_pickaxe":1,"minecraft:stone_sword":1,"minecraft:spruce_boat":1},"minecraft:killed_by":{"minecraft:creeper":1,"minecraft:zombie":2},"minecraft:killed":{"minecraft:skeleton":1,"minecraft:zombie":5,"minecraft:enderman":1},"minecraft:custom":{"minecraft:interact_with_furnace":9,"minecraft:mob_kills":8,"minecraft:interact_with_crafting_table":9,"minecraft:leave_game":5,"minecraft:time_since_death":93006,"minecraft:time_since_rest":93036,"minecraft:sprint_one_cm":18716,"minecraft:damage_taken":1910,"minecraft:walk_one_cm":306787,"minecraft:damage_blocked_by_shield":120,"minecraft:drop":24,"minecraft:damage_dealt":1872,"minecraft:swim_one_cm":14714,"minecraft:fly_one_cm":316921,"minecraft:open_chest":4,"minecraft:crouch_one_cm":4512,"minecraft:play_time":123014,"minecraft:deaths":3,"minecraft:sneak_time":2456,"minecraft:walk_under_water_one_cm":18827,"minecraft:boat_one_cm":220431,"minecraft:jump":467,"minecraft:walk_on_water_one_cm":7893,"minecraft:total_world_time":123014,"minecraft:fall_one_cm":5806},"minecraft:dropped":{"minecraft:iron_ingot":1,"minecraft:bread":3,"minecraft:stone_axe":2,"minecraft:stone_sword":1,"minecraft:bowl":1,"minecraft:crafting_table":1,"minecraft:cobblestone":6,"minecraft:rotten_flesh":2,"minecraft:stick":9,"minecraft:filled_map":1,"minecraft:dirt":11,"minecraft:leather_chestplate":1,"minecraft:shield":1,"minecraft:spruce_planks":28,"minecraft:wooden_axe":2,"minecraft:leather_leggings":1,"minecraft:pumpkin":19,"minecraft:wooden_pickaxe":2,"minecraft:stone_pickaxe":2,"minecraft:spruce_sapling":4},"minecraft:mined":{"minecraft:crafting_table":1,"minecraft:grass_block":2,"minecraft:spruce_leaves":6,"minecraft:sugar_cane":3,"minecraft:furnace":1,"minecraft:ice":8,"minecraft:spruce_log":2,"minecraft:pumpkin":15,"minecraft:dirt":12,"minecraft:packed_ice":21,"minecraft:stone":98}},"DataVersion":2975}