{"stats":{"minecraft:picked_up":{"minecraft:oak_log":6},"minecraft:custom":{"minecraft:jump":62,"minecraft:open_chest":7,"minecraft:time_since_rest":8474,"minecraft:sprint_one_cm":174,"minecraft:crouch_one_cm":61,"minecraft:leave_game":7,"minecraft:time_since_death":8429,"minecraft:play_time":45349,"minecraft:walk_one_cm":22756,"minecraft:walk_on_water_one_cm":739,"minecraft:deaths":1,"minecraft:sneak_time":1619,"minecraft:total_world_time":45349,"minecraft:walk_under_water_one_cm":2474,"minecraft:fall_one_cm":753,"minecraft:fly_one_cm":765999,"minecraft:damage_taken":10},"minecraft:used":{"minecraft:oak_leaves":26},"minecraft:mined":{"minecraft:oak_log":6,"minecraft:oak_leaves":1}},"DataVersion":2975}