{"stats":{"minecraft:dropped":{"minecraft:wooden_axe":1},"minecraft:crafted":{"minecraft:crafting_table":1,"minecraft:spruce_planks":8,"minecraft:stick":8,"minecraft:wooden_pickaxe":1,"minecraft:stone_pickaxe":1,"minecraft:stone_sword":1,"minecraft:spruce_boat":1,"minecraft:stone_axe":1},"minecraft:picked_up":{"minecraft:wooden_axe":2,"minecraft:stick":8,"minecraft:crafting_table":1,"minecraft:pumpkin":19,"minecraft:wooden_pickaxe":1,"minecraft:spruce_sapling":4,"minecraft:spruce_log":2,"minecraft:dirt":11,"minecraft:rotten_flesh":2,"minecraft:stone_axe":1,"minecraft:spruce_boat":2,"minecraft:spruce_planks":36,"minecraft:iron_ingot":1,"minecraft:stone_pickaxe":1,"minecraft:snowball":55,"minecraft:cobblestone":16},"minecraft:custom":{"minecraft:time_since_rest":17419,"minecraft:sprint_one_cm":10255,"minecraft:damage_taken":985,"minecraft:walk_one_cm":60518,"minecraft:mob_kills":3,"minecraft:drop":1,"minecraft:damage_dealt":789,"minecraft:swim_one_cm":751,"minecraft:interact_with_crafting_table":3,"minecraft:fly_one_cm":86348,"minecraft:open_chest":2,"minecraft:crouch_one_cm":2851,"minecraft:play_time":29116,"minecraft:deaths":2,"minecraft:sneak_time":1501,"minecraft:walk_under_water_one_cm":1277,"minecraft:boat_one_cm":52799,"minecraft:jump":155,"minecraft:walk_on_water_one_cm":21,"minecraft:leave_game":3,"minecraft:time_since_death":17380,"minecraft:total_world_time":29116,"minecraft:fall_one_cm":2386},"minecraft:used":{"minecraft:spruce_boat":3,"minecraft:stone_sword":16,"minecraft:stone_pickaxe":13,"minecraft:wooden_pickaxe":5,"minecraft:stone_axe":16,"minecraft:cobblestone":2,"minecraft:crafting_table":1},"minecraft:killed":{"minecraft:zombie":3},"minecraft:killed_by":{"minecraft:creeper":1,"minecraft:zombie":1},"minecraft:mined":{"minecraft:spruce_log":2,"minecraft:pumpkin":15,"minecraft:grass_block":2,"minecraft:dirt":9,"minecraft:packed_ice":1,"minecraft:spruce_leaves":5,"minecraft:stone":18}},"DataVersion":2975}