{"stats":{"minecraft:picked_up":{"minecraft:snowball":55},"minecraft:custom":{"minecraft:jump":108,"minecraft:open_chest":2,"minecraft:time_since_rest":5419,"minecraft:deaths":2,"minecraft:damage_dealt":65,"minecraft:crouch_one_cm":1463,"minecraft:leave_game":3,"minecraft:play_time":17116,"minecraft:sprint_one_cm":8591,"minecraft:damage_taken":760,"minecraft:time_since_death":5380,"minecraft:walk_one_cm":11494,"minecraft:sneak_time":895,"minecraft:total_world_time":17116,"minecraft:fall_one_cm":2177,"minecraft:fly_one_cm":83944},"minecraft:mined":{"minecraft:packed_ice":1},"minecraft:killed_by":{"minecraft:zombie":1,"minecraft:creeper":1}},"DataVersion":2975}