{
  "minecraft:adventure/adventuring_time": {
    "criteria": {
      "minecraft:birch_forest": "2024-07-01 20:18:08 +0000",
      "minecraft:savanna_plateau": "2024-07-01 18:55:39 +0000",
      "minecraft:river": "2024-07-01 18:54:23 +0000",
      "minecraft:stony_shore": "2024-07-01 18:55:00 +0000",
      "minecraft:forest": "2024-07-01 18:50:30 +0000",
      "minecraft:savanna": "2024-07-01 18:54:26 +0000",
      "minecraft:plains": "2024-07-01 18:54:22 +0000"
    },
    "done": false
  },
  "DataVersion": 2975
}