{
  "minecraft:recipes/decorations/snow": {
    "criteria": {
      "has_snowball": "2024-06-28 14:14:15 +0000"
    },
    "done": true
  },
  "minecraft:adventure/root": {
    "criteria": {
      "killed_by_something": "2024-06-28 14:13:58 +0000"
    },
    "done": true
  },
  "minecraft:recipes/building_blocks/snow_block": {
    "criteria": {
      "has_snowball": "2024-06-28 14:14:15 +0000"
    },
    "done": true
  },
  "minecraft:adventure/adventuring_time": {
    "criteria": {
      "minecraft:frozen_river": "2024-06-28 14:13:16 +0000",
      "minecraft:snowy_plains": "2024-06-28 01:38:39 +0000",
      "minecraft:ice_spikes": "2024-06-28 01:33:01 +0000",
      "minecraft:snowy_beach": "2024-06-28 14:13:50 +0000"
    },
    "done": false
  },
  "DataVersion": 2975
}