{
  "minecraft:recipes/misc/charcoal": {
    "criteria": {
      "has_log": "2024-07-02 00:42:34 +0000"
    },
    "done": true
  },
  "minecraft:recipes/building_blocks/oak_planks": {
    "criteria": {
      "has_logs": "2024-07-02 00:42:34 +0000"
    },
    "done": true
  },
  "minecraft:recipes/building_blocks/oak_wood": {
    "criteria": {
      "has_log": "2024-07-02 00:42:34 +0000"
    },
    "done": true
  },
  "minecraft:adventure/adventuring_time": {
    "criteria": {
      "minecraft:birch_forest": "2024-07-01 20:18:08 +0000",
      "minecraft:savanna_plateau": "2024-07-01 18:55:39 +0000",
      "minecraft:beach": "2024-07-01 20:19:00 +0000",
      "minecraft:dark_forest": "2024-07-01 20:26:24 +0000",
      "minecraft:sparse_jungle": "2024-07-01 20:27:23 +0000",
      "minecraft:river": "2024-07-01 18:54:23 +0000",
      "minecraft:stony_shore": "2024-07-01 18:55:00 +0000",
      "minecraft:forest": "2024-07-01 18:50:30 +0000",
      "minecraft:ocean": "2024-07-01 20:21:11 +0000",
      "minecraft:jungle": "2024-07-01 20:29:29 +0000",
      "minecraft:old_growth_birch_forest": "2024-07-01 20:18:16 +0000",
      "minecraft:savanna": "2024-07-01 18:54:26 +0000",
      "minecraft:plains": "2024-07-01 18:54:22 +0000"
    },
    "done": false
  },
  "DataVersion": 2975
}